,Well,Fluor,Target,Content,Sample,Biological Set Name,Cq,Cq Mean,Cq Std. Dev,Starting Quantity (SQ),Log Starting Quantity,SQ Mean,SQ Std. Dev,Set Point,Well Note
,A01,Cy5,,Unkn,,,,0.00,0.000,,,0.00000,0.00000,60.0,
,A02,Cy5,,Unkn,,,,0.00,0.000,,,0.00000,0.00000,60.0,
,A03,Cy5,,Unkn,,,,0.00,0.000,,,0.00000,0.00000,60.0,
,A04,Cy5,,Unkn,,,,0.00,0.000,,,0.00000,0.00000,60.0,
,A05,Cy5,,Unkn,,,,0.00,0.000,,,0.00000,0.00000,60.0,
,A06,Cy5,,Unkn,,,,0.00,0.000,,,0.00000,0.00000,60.0,
,A07,Cy5,,Unkn,,,,0.00,0.000,,,0.00000,0.00000,60.0,
,A08,Cy5,,Unkn,,,,0.00,0.000,,,0.00000,0.00000,60.0,
,A09,Cy5,,Unkn,,,,0.00,0.000,,,0.00000,0.00000,60.0,
,A10,Cy5,,Unkn,,,,0.00,0.000,,,0.00000,0.00000,60.0,
,A11,Cy5,,Unkn,,,,0.00,0.000,,,0.00000,0.00000,60.0,
,A12,Cy5,,Unkn,,,,0.00,0.000,,,0.00000,0.00000,60.0,
,A13,Cy5,,Unkn,,,,0.00,0.000,,,0.00000,0.00000,60.0,
,A14,Cy5,,Unkn,,,,0.00,0.000,,,0.00000,0.00000,60.0,
,A15,Cy5,,Unkn,,,,0.00,0.000,,,0.00000,0.00000,60.0,
,A16,Cy5,,Unkn,,,,0.00,0.000,,,0.00000,0.00000,60.0,
,A17,Cy5,,Unkn,,,,0.00,0.000,,,0.00000,0.00000,60.0,
,A18,Cy5,,Unkn,,,,0.00,0.000,,,0.00000,0.00000,60.0,
,A19,Cy5,,Unkn,,,,0.00,0.000,,,0.00000,0.00000,60.0,
,A20,Cy5,,Unkn,,,,0.00,0.000,,,0.00000,0.00000,60.0,
,A21,Cy5,,Unkn,,,,0.00,0.000,,,0.00000,0.00000,60.0,
,A22,Cy5,,Unkn,,,,0.00,0.000,,,0.00000,0.00000,60.0,
,A23,Cy5,,Unkn,,,,0.00,0.000,,,0.00000,0.00000,60.0,
,A24,Cy5,,Unkn,,,,0.00,0.000,,,0.00000,0.00000,60.0,
,B01,Cy5,,Unkn,,,,0.00,0.000,,,0.00000,0.00000,60.0,
,B02,Cy5,,Unkn,,,,0.00,0.000,,,0.00000,0.00000,60.0,
,B03,Cy5,,Unkn,,,,0.00,0.000,,,0.00000,0.00000,60.0,
,B04,Cy5,,Unkn,,,,0.00,0.000,,,0.00000,0.00000,60.0,
,B05,Cy5,,Unkn,,,,0.00,0.000,,,0.00000,0.00000,60.0,
,B06,Cy5,,Unkn,,,,0.00,0.000,,,0.00000,0.00000,60.0,
,B07,Cy5,,Unkn,,,,0.00,0.000,,,0.00000,0.00000,60.0,
,B08,Cy5,,Unkn,,,,0.00,0.000,,,0.00000,0.00000,60.0,
,B09,Cy5,,Unkn,,,,0.00,0.000,,,0.00000,0.00000,60.0,
,B10,Cy5,,Unkn,,,,0.00,0.000,,,0.00000,0.00000,60.0,
,B11,Cy5,,Unkn,,,,0.00,0.000,,,0.00000,0.00000,60.0,
,B12,Cy5,,Unkn,,,,0.00,0.000,,,0.00000,0.00000,60.0,
,B13,Cy5,,Unkn,,,,0.00,0.000,,,0.00000,0.00000,60.0,
,B14,Cy5,,Unkn,,,,0.00,0.000,,,0.00000,0.00000,60.0,
,B15,Cy5,,Unkn,,,,0.00,0.000,,,0.00000,0.00000,60.0,
,B16,Cy5,,Unkn,,,,0.00,0.000,,,0.00000,0.00000,60.0,
,B17,Cy5,,Unkn,,,,0.00,0.000,,,0.00000,0.00000,60.0,
,B18,Cy5,,Unkn,,,,0.00,0.000,,,0.00000,0.00000,60.0,
,B19,Cy5,,Unkn,,,,0.00,0.000,,,0.00000,0.00000,60.0,
,B20,Cy5,,Unkn,,,,0.00,0.000,,,0.00000,0.00000,60.0,
,B21,Cy5,,Unkn,,,,0.00,0.000,,,0.00000,0.00000,60.0,
,B22,Cy5,,Unkn,,,,0.00,0.000,,,0.00000,0.00000,60.0,
,B23,Cy5,,Unkn,,,,0.00,0.000,,,0.00000,0.00000,60.0,
,B24,Cy5,,Unkn,,,,0.00,0.000,,,0.00000,0.00000,60.0,
,C01,Cy5,,Unkn,,,,0.00,0.000,,,0.00000,0.00000,60.0,
,C02,Cy5,,Unkn,,,,0.00,0.000,,,0.00000,0.00000,60.0,
,C03,Cy5,,Unkn,,,,0.00,0.000,,,0.00000,0.00000,60.0,
,C04,Cy5,,Unkn,,,,0.00,0.000,,,0.00000,0.00000,60.0,
,C05,Cy5,,Unkn,,,,0.00,0.000,,,0.00000,0.00000,60.0,
,C06,Cy5,,Unkn,,,,0.00,0.000,,,0.00000,0.00000,60.0,
,C07,Cy5,,Unkn,,,,0.00,0.000,,,0.00000,0.00000,60.0,
,C08,Cy5,,Unkn,,,,0.00,0.000,,,0.00000,0.00000,60.0,
,C09,Cy5,,Unkn,,,,0.00,0.000,,,0.00000,0.00000,60.0,
,C10,Cy5,,Unkn,,,,0.00,0.000,,,0.00000,0.00000,60.0,
,C11,Cy5,,Unkn,,,,0.00,0.000,,,0.00000,0.00000,60.0,
,C12,Cy5,,Unkn,,,,0.00,0.000,,,0.00000,0.00000,60.0,
,C13,Cy5,,Unkn,,,,0.00,0.000,,,0.00000,0.00000,60.0,
,C14,Cy5,,Unkn,,,,0.00,0.000,,,0.00000,0.00000,60.0,
,C15,Cy5,,Unkn,,,,0.00,0.000,,,0.00000,0.00000,60.0,
,C16,Cy5,,Unkn,,,,0.00,0.000,,,0.00000,0.00000,60.0,
,C17,Cy5,,Unkn,,,,0.00,0.000,,,0.00000,0.00000,60.0,
,C18,Cy5,,Unkn,,,,0.00,0.000,,,0.00000,0.00000,60.0,
,C19,Cy5,,Unkn,,,,0.00,0.000,,,0.00000,0.00000,60.0,
,C20,Cy5,,Unkn,,,,0.00,0.000,,,0.00000,0.00000,60.0,
,C21,Cy5,,Unkn,,,,0.00,0.000,,,0.00000,0.00000,60.0,
,C22,Cy5,,Unkn,,,,0.00,0.000,,,0.00000,0.00000,60.0,
,C23,Cy5,,Unkn,,,,0.00,0.000,,,0.00000,0.00000,60.0,
,C24,Cy5,,Unkn,,,,0.00,0.000,,,0.00000,0.00000,60.0,
,D01,Cy5,,Unkn,,,,0.00,0.000,,,0.00000,0.00000,60.0,
,D02,Cy5,,Unkn,,,,0.00,0.000,,,0.00000,0.00000,60.0,
,D03,Cy5,,Unkn,,,,0.00,0.000,,,0.00000,0.00000,60.0,
,D04,Cy5,,Unkn,,,,0.00,0.000,,,0.00000,0.00000,60.0,
,D05,Cy5,,Unkn,,,,0.00,0.000,,,0.00000,0.00000,60.0,
,D06,Cy5,,Unkn,,,,0.00,0.000,,,0.00000,0.00000,60.0,
,D07,Cy5,,Unkn,,,,0.00,0.000,,,0.00000,0.00000,60.0,
,D08,Cy5,,Unkn,,,,0.00,0.000,,,0.00000,0.00000,60.0,
,D09,Cy5,,Unkn,,,,0.00,0.000,,,0.00000,0.00000,60.0,
,D10,Cy5,,Unkn,,,,0.00,0.000,,,0.00000,0.00000,60.0,
,D11,Cy5,,Unkn,,,,0.00,0.000,,,0.00000,0.00000,60.0,
,D12,Cy5,,Unkn,,,,0.00,0.000,,,0.00000,0.00000,60.0,
,D13,Cy5,,Unkn,,,,0.00,0.000,,,0.00000,0.00000,60.0,
,D14,Cy5,,Unkn,,,,0.00,0.000,,,0.00000,0.00000,60.0,
,D15,Cy5,,Unkn,,,,0.00,0.000,,,0.00000,0.00000,60.0,
,D16,Cy5,,Unkn,,,,0.00,0.000,,,0.00000,0.00000,60.0,
,D17,Cy5,,Unkn,,,,0.00,0.000,,,0.00000,0.00000,60.0,
,D18,Cy5,,Unkn,,,,0.00,0.000,,,0.00000,0.00000,60.0,
,D19,Cy5,,Unkn,,,,0.00,0.000,,,0.00000,0.00000,60.0,
,D20,Cy5,,Unkn,,,,0.00,0.000,,,0.00000,0.00000,60.0,
,D21,Cy5,,Unkn,,,,0.00,0.000,,,0.00000,0.00000,60.0,
,D22,Cy5,,Unkn,,,,0.00,0.000,,,0.00000,0.00000,60.0,
,D23,Cy5,,Unkn,,,,0.00,0.000,,,0.00000,0.00000,60.0,
,D24,Cy5,,Unkn,,,,0.00,0.000,,,0.00000,0.00000,60.0,
,E01,Cy5,,Unkn,,,,0.00,0.000,,,0.00000,0.00000,60.0,
,E02,Cy5,,Unkn,,,,0.00,0.000,,,0.00000,0.00000,60.0,
,E03,Cy5,,Unkn,,,,0.00,0.000,,,0.00000,0.00000,60.0,
,E04,Cy5,,Unkn,,,,0.00,0.000,,,0.00000,0.00000,60.0,
,E05,Cy5,,Unkn,,,,0.00,0.000,,,0.00000,0.00000,60.0,
,E06,Cy5,,Unkn,,,,0.00,0.000,,,0.00000,0.00000,60.0,
,E07,Cy5,,Unkn,,,,0.00,0.000,,,0.00000,0.00000,60.0,
,E08,Cy5,,Unkn,,,,0.00,0.000,,,0.00000,0.00000,60.0,
,E09,Cy5,,Unkn,,,,0.00,0.000,,,0.00000,0.00000,60.0,
,E10,Cy5,,Unkn,,,,0.00,0.000,,,0.00000,0.00000,60.0,
,E11,Cy5,,Unkn,,,,0.00,0.000,,,0.00000,0.00000,60.0,
,E12,Cy5,,Unkn,,,,0.00,0.000,,,0.00000,0.00000,60.0,
,E13,Cy5,,Unkn,,,,0.00,0.000,,,0.00000,0.00000,60.0,
,E14,Cy5,,Unkn,,,,0.00,0.000,,,0.00000,0.00000,60.0,
,E15,Cy5,,Unkn,,,,0.00,0.000,,,0.00000,0.00000,60.0,
,E16,Cy5,,Unkn,,,,0.00,0.000,,,0.00000,0.00000,60.0,
,E17,Cy5,,Unkn,,,,0.00,0.000,,,0.00000,0.00000,60.0,
,E18,Cy5,,Unkn,,,,0.00,0.000,,,0.00000,0.00000,60.0,
,E19,Cy5,,Unkn,,,,0.00,0.000,,,0.00000,0.00000,60.0,
,E20,Cy5,,Unkn,,,,0.00,0.000,,,0.00000,0.00000,60.0,
,E21,Cy5,,Unkn,,,,0.00,0.000,,,0.00000,0.00000,60.0,
,E22,Cy5,,Unkn,,,,0.00,0.000,,,0.00000,0.00000,60.0,
,E23,Cy5,,Unkn,,,,0.00,0.000,,,0.00000,0.00000,60.0,
,E24,Cy5,,Unkn,,,,0.00,0.000,,,0.00000,0.00000,60.0,
,F01,Cy5,,Unkn,,,,0.00,0.000,,,0.00000,0.00000,60.0,
,F02,Cy5,,Unkn,,,,0.00,0.000,,,0.00000,0.00000,60.0,
,F03,Cy5,,Unkn,,,,0.00,0.000,,,0.00000,0.00000,60.0,
,F04,Cy5,,Unkn,,,,0.00,0.000,,,0.00000,0.00000,60.0,
,F05,Cy5,,Unkn,,,,0.00,0.000,,,0.00000,0.00000,60.0,
,F06,Cy5,,Unkn,,,,0.00,0.000,,,0.00000,0.00000,60.0,
,F07,Cy5,,Unkn,,,,0.00,0.000,,,0.00000,0.00000,60.0,
,F08,Cy5,,Unkn,,,,0.00,0.000,,,0.00000,0.00000,60.0,
,F09,Cy5,,Unkn,,,,0.00,0.000,,,0.00000,0.00000,60.0,
,F10,Cy5,,Unkn,,,,0.00,0.000,,,0.00000,0.00000,60.0,
,F11,Cy5,,Unkn,,,,0.00,0.000,,,0.00000,0.00000,60.0,
,F12,Cy5,,Unkn,,,,0.00,0.000,,,0.00000,0.00000,60.0,
,F13,Cy5,,Unkn,,,,0.00,0.000,,,0.00000,0.00000,60.0,
,F14,Cy5,,Unkn,,,,0.00,0.000,,,0.00000,0.00000,60.0,
,F15,Cy5,,Unkn,,,,0.00,0.000,,,0.00000,0.00000,60.0,
,F16,Cy5,,Unkn,,,,0.00,0.000,,,0.00000,0.00000,60.0,
,F17,Cy5,,Unkn,,,,0.00,0.000,,,0.00000,0.00000,60.0,
,F18,Cy5,,Unkn,,,,0.00,0.000,,,0.00000,0.00000,60.0,
,F19,Cy5,,Unkn,,,,0.00,0.000,,,0.00000,0.00000,60.0,
,F20,Cy5,,Unkn,,,,0.00,0.000,,,0.00000,0.00000,60.0,
,F21,Cy5,,Unkn,,,,0.00,0.000,,,0.00000,0.00000,60.0,
,F22,Cy5,,Unkn,,,,0.00,0.000,,,0.00000,0.00000,60.0,
,F23,Cy5,,Unkn,,,,0.00,0.000,,,0.00000,0.00000,60.0,
,F24,Cy5,,Unkn,,,,0.00,0.000,,,0.00000,0.00000,60.0,
,G01,Cy5,,Unkn,,,,0.00,0.000,,,0.00000,0.00000,60.0,
,G02,Cy5,,Unkn,,,,0.00,0.000,,,0.00000,0.00000,60.0,
,G03,Cy5,,Unkn,,,,0.00,0.000,,,0.00000,0.00000,60.0,
,G04,Cy5,,Unkn,,,,0.00,0.000,,,0.00000,0.00000,60.0,
,G05,Cy5,,Unkn,,,,0.00,0.000,,,0.00000,0.00000,60.0,
,G06,Cy5,,Unkn,,,,0.00,0.000,,,0.00000,0.00000,60.0,
,G07,Cy5,,Unkn,,,,0.00,0.000,,,0.00000,0.00000,60.0,
,G08,Cy5,,Unkn,,,,0.00,0.000,,,0.00000,0.00000,60.0,
,G09,Cy5,,Unkn,,,,0.00,0.000,,,0.00000,0.00000,60.0,
,G10,Cy5,,Unkn,,,,0.00,0.000,,,0.00000,0.00000,60.0,
,G11,Cy5,,Unkn,,,,0.00,0.000,,,0.00000,0.00000,60.0,
,G12,Cy5,,Unkn,,,,0.00,0.000,,,0.00000,0.00000,60.0,
,G13,Cy5,,Unkn,,,,0.00,0.000,,,0.00000,0.00000,60.0,
,G14,Cy5,,Unkn,,,,0.00,0.000,,,0.00000,0.00000,60.0,
,G15,Cy5,,Unkn,,,,0.00,0.000,,,0.00000,0.00000,60.0,
,G16,Cy5,,Unkn,,,,0.00,0.000,,,0.00000,0.00000,60.0,
,G17,Cy5,,Unkn,,,,0.00,0.000,,,0.00000,0.00000,60.0,
,G18,Cy5,,Unkn,,,,0.00,0.000,,,0.00000,0.00000,60.0,
,G19,Cy5,,Unkn,,,,0.00,0.000,,,0.00000,0.00000,60.0,
,G20,Cy5,,Unkn,,,,0.00,0.000,,,0.00000,0.00000,60.0,
,G21,Cy5,,Unkn,,,,0.00,0.000,,,0.00000,0.00000,60.0,
,G22,Cy5,,Unkn,,,,0.00,0.000,,,0.00000,0.00000,60.0,
,G23,Cy5,,Unkn,,,,0.00,0.000,,,0.00000,0.00000,60.0,
,G24,Cy5,,Unkn,,,,0.00,0.000,,,0.00000,0.00000,60.0,
,H01,Cy5,,Unkn,,,,0.00,0.000,,,0.00000,0.00000,60.0,
,H02,Cy5,,Unkn,,,,0.00,0.000,,,0.00000,0.00000,60.0,
,H03,Cy5,,Unkn,,,,0.00,0.000,,,0.00000,0.00000,60.0,
,H04,Cy5,,Unkn,,,,0.00,0.000,,,0.00000,0.00000,60.0,
,H05,Cy5,,Unkn,,,,0.00,0.000,,,0.00000,0.00000,60.0,
,H06,Cy5,,Unkn,,,,0.00,0.000,,,0.00000,0.00000,60.0,
,H07,Cy5,,Unkn,,,,0.00,0.000,,,0.00000,0.00000,60.0,
,H08,Cy5,,Unkn,,,,0.00,0.000,,,0.00000,0.00000,60.0,
,H09,Cy5,,Unkn,,,,0.00,0.000,,,0.00000,0.00000,60.0,
,H10,Cy5,,Unkn,,,,0.00,0.000,,,0.00000,0.00000,60.0,
,H11,Cy5,,Unkn,,,,0.00,0.000,,,0.00000,0.00000,60.0,
,H12,Cy5,,Unkn,,,,0.00,0.000,,,0.00000,0.00000,60.0,
,H13,Cy5,,Unkn,,,,0.00,0.000,,,0.00000,0.00000,60.0,
,H14,Cy5,,Unkn,,,,0.00,0.000,,,0.00000,0.00000,60.0,
,H15,Cy5,,Unkn,,,,0.00,0.000,,,0.00000,0.00000,60.0,
,H16,Cy5,,Unkn,,,,0.00,0.000,,,0.00000,0.00000,60.0,
,H17,Cy5,,Unkn,,,,0.00,0.000,,,0.00000,0.00000,60.0,
,H18,Cy5,,Unkn,,,,0.00,0.000,,,0.00000,0.00000,60.0,
,H19,Cy5,,Unkn,,,,0.00,0.000,,,0.00000,0.00000,60.0,
,H20,Cy5,,Unkn,,,,0.00,0.000,,,0.00000,0.00000,60.0,
,H21,Cy5,,Unkn,,,,0.00,0.000,,,0.00000,0.00000,60.0,
,H22,Cy5,,Unkn,,,,0.00,0.000,,,0.00000,0.00000,60.0,
,H23,Cy5,,Unkn,,,,0.00,0.000,,,0.00000,0.00000,60.0,
,H24,Cy5,,Unkn,,,,0.00,0.000,,,0.00000,0.00000,60.0,
,I01,Cy5,,Unkn,,,,0.00,0.000,,,0.00000,0.00000,60.0,
,I02,Cy5,,Unkn,,,,0.00,0.000,,,0.00000,0.00000,60.0,
,I03,Cy5,,Unkn,,,,0.00,0.000,,,0.00000,0.00000,60.0,
,I04,Cy5,,Unkn,,,,0.00,0.000,,,0.00000,0.00000,60.0,
,I05,Cy5,,Unkn,,,,0.00,0.000,,,0.00000,0.00000,60.0,
,I06,Cy5,,Unkn,,,,0.00,0.000,,,0.00000,0.00000,60.0,
,I07,Cy5,,Unkn,,,,0.00,0.000,,,0.00000,0.00000,60.0,
,I08,Cy5,,Unkn,,,,0.00,0.000,,,0.00000,0.00000,60.0,
,I09,Cy5,,Unkn,,,,0.00,0.000,,,0.00000,0.00000,60.0,
,I10,Cy5,,Unkn,,,,0.00,0.000,,,0.00000,0.00000,60.0,
,I11,Cy5,,Unkn,,,,0.00,0.000,,,0.00000,0.00000,60.0,
,I12,Cy5,,Unkn,,,,0.00,0.000,,,0.00000,0.00000,60.0,
,I13,Cy5,,Unkn,,,,0.00,0.000,,,0.00000,0.00000,60.0,
,I14,Cy5,,Unkn,,,,0.00,0.000,,,0.00000,0.00000,60.0,
,I15,Cy5,,Unkn,,,,0.00,0.000,,,0.00000,0.00000,60.0,
,I16,Cy5,,Unkn,,,,0.00,0.000,,,0.00000,0.00000,60.0,
,I17,Cy5,,Unkn,,,,0.00,0.000,,,0.00000,0.00000,60.0,
,I18,Cy5,,Unkn,,,,0.00,0.000,,,0.00000,0.00000,60.0,
,I19,Cy5,,Unkn,,,,0.00,0.000,,,0.00000,0.00000,60.0,
,I20,Cy5,,Unkn,,,,0.00,0.000,,,0.00000,0.00000,60.0,
,I21,Cy5,,Unkn,,,,0.00,0.000,,,0.00000,0.00000,60.0,
,I22,Cy5,,Unkn,,,,0.00,0.000,,,0.00000,0.00000,60.0,
,I23,Cy5,,Unkn,,,,0.00,0.000,,,0.00000,0.00000,60.0,
,I24,Cy5,,Unkn,,,,0.00,0.000,,,0.00000,0.00000,60.0,
,J01,Cy5,,Unkn,,,,0.00,0.000,,,0.00000,0.00000,60.0,
,J02,Cy5,,Unkn,,,,0.00,0.000,,,0.00000,0.00000,60.0,
,J03,Cy5,,Unkn,,,,0.00,0.000,,,0.00000,0.00000,60.0,
,J04,Cy5,,Unkn,,,,0.00,0.000,,,0.00000,0.00000,60.0,
,J05,Cy5,,Unkn,,,,0.00,0.000,,,0.00000,0.00000,60.0,
,J06,Cy5,,Unkn,,,,0.00,0.000,,,0.00000,0.00000,60.0,
,J07,Cy5,,Unkn,,,,0.00,0.000,,,0.00000,0.00000,60.0,
,J08,Cy5,,Unkn,,,,0.00,0.000,,,0.00000,0.00000,60.0,
,J09,Cy5,,Unkn,,,,0.00,0.000,,,0.00000,0.00000,60.0,
,J10,Cy5,,Unkn,,,,0.00,0.000,,,0.00000,0.00000,60.0,
,J11,Cy5,,Unkn,,,,0.00,0.000,,,0.00000,0.00000,60.0,
,J12,Cy5,,Unkn,,,,0.00,0.000,,,0.00000,0.00000,60.0,
,J13,Cy5,,Unkn,,,,0.00,0.000,,,0.00000,0.00000,60.0,
,J14,Cy5,,Unkn,,,,0.00,0.000,,,0.00000,0.00000,60.0,
,J15,Cy5,,Unkn,,,,0.00,0.000,,,0.00000,0.00000,60.0,
,J16,Cy5,,Unkn,,,,0.00,0.000,,,0.00000,0.00000,60.0,
,J17,Cy5,,Unkn,,,,0.00,0.000,,,0.00000,0.00000,60.0,
,J18,Cy5,,Unkn,,,,0.00,0.000,,,0.00000,0.00000,60.0,
,J19,Cy5,,Unkn,,,,0.00,0.000,,,0.00000,0.00000,60.0,
,J20,Cy5,,Unkn,,,,0.00,0.000,,,0.00000,0.00000,60.0,
,J21,Cy5,,Unkn,,,,0.00,0.000,,,0.00000,0.00000,60.0,
,J22,Cy5,,Unkn,,,,0.00,0.000,,,0.00000,0.00000,60.0,
,J23,Cy5,,Unkn,,,,0.00,0.000,,,0.00000,0.00000,60.0,
,J24,Cy5,,Unkn,,,,0.00,0.000,,,0.00000,0.00000,60.0,
,K01,Cy5,,Unkn,,,,0.00,0.000,,,0.00000,0.00000,60.0,
,K02,Cy5,,Unkn,,,,0.00,0.000,,,0.00000,0.00000,60.0,
,K03,Cy5,,Unkn,,,,0.00,0.000,,,0.00000,0.00000,60.0,
,K04,Cy5,,Unkn,,,,0.00,0.000,,,0.00000,0.00000,60.0,
,K05,Cy5,,Unkn,,,,0.00,0.000,,,0.00000,0.00000,60.0,
,K06,Cy5,,Unkn,,,,0.00,0.000,,,0.00000,0.00000,60.0,
,K07,Cy5,,Unkn,,,,0.00,0.000,,,0.00000,0.00000,60.0,
,K08,Cy5,,Unkn,,,,0.00,0.000,,,0.00000,0.00000,60.0,
,K09,Cy5,,Unkn,,,,0.00,0.000,,,0.00000,0.00000,60.0,
,K10,Cy5,,Unkn,,,,0.00,0.000,,,0.00000,0.00000,60.0,
,K11,Cy5,,Unkn,,,,0.00,0.000,,,0.00000,0.00000,60.0,
,K12,Cy5,,Unkn,,,,0.00,0.000,,,0.00000,0.00000,60.0,
,K13,Cy5,,Unkn,,,,0.00,0.000,,,0.00000,0.00000,60.0,
,K14,Cy5,,Unkn,,,,0.00,0.000,,,0.00000,0.00000,60.0,
,K15,Cy5,,Unkn,,,,0.00,0.000,,,0.00000,0.00000,60.0,
,K16,Cy5,,Unkn,,,,0.00,0.000,,,0.00000,0.00000,60.0,
,K17,Cy5,,Unkn,,,,0.00,0.000,,,0.00000,0.00000,60.0,
,K18,Cy5,,Unkn,,,,0.00,0.000,,,0.00000,0.00000,60.0,
,K19,Cy5,,Unkn,,,,0.00,0.000,,,0.00000,0.00000,60.0,
,K20,Cy5,,Unkn,,,,0.00,0.000,,,0.00000,0.00000,60.0,
,K21,Cy5,,Unkn,,,,0.00,0.000,,,0.00000,0.00000,60.0,
,K22,Cy5,,Unkn,,,,0.00,0.000,,,0.00000,0.00000,60.0,
,K23,Cy5,,Unkn,,,,0.00,0.000,,,0.00000,0.00000,60.0,
,K24,Cy5,,Unkn,,,,0.00,0.000,,,0.00000,0.00000,60.0,
,L01,Cy5,,Unkn,,,,0.00,0.000,,,0.00000,0.00000,60.0,
,L02,Cy5,,Unkn,,,,0.00,0.000,,,0.00000,0.00000,60.0,
,L03,Cy5,,Unkn,,,,0.00,0.000,,,0.00000,0.00000,60.0,
,L04,Cy5,,Unkn,,,,0.00,0.000,,,0.00000,0.00000,60.0,
,L05,Cy5,,Unkn,,,,0.00,0.000,,,0.00000,0.00000,60.0,
,L06,Cy5,,Unkn,,,,0.00,0.000,,,0.00000,0.00000,60.0,
,L07,Cy5,,Unkn,,,,0.00,0.000,,,0.00000,0.00000,60.0,
,L08,Cy5,,Unkn,,,,0.00,0.000,,,0.00000,0.00000,60.0,
,L09,Cy5,,Unkn,,,,0.00,0.000,,,0.00000,0.00000,60.0,
,L10,Cy5,,Unkn,,,,0.00,0.000,,,0.00000,0.00000,60.0,
,L11,Cy5,,Unkn,,,,0.00,0.000,,,0.00000,0.00000,60.0,
,L12,Cy5,,Unkn,,,,0.00,0.000,,,0.00000,0.00000,60.0,
,L13,Cy5,,Unkn,,,,0.00,0.000,,,0.00000,0.00000,60.0,
,L14,Cy5,,Unkn,,,,0.00,0.000,,,0.00000,0.00000,60.0,
,L15,Cy5,,Unkn,,,,0.00,0.000,,,0.00000,0.00000,60.0,
,L16,Cy5,,Unkn,,,,0.00,0.000,,,0.00000,0.00000,60.0,
,L17,Cy5,,Unkn,,,,0.00,0.000,,,0.00000,0.00000,60.0,
,L18,Cy5,,Unkn,,,,0.00,0.000,,,0.00000,0.00000,60.0,
,L19,Cy5,,Unkn,,,,0.00,0.000,,,0.00000,0.00000,60.0,
,L20,Cy5,,Unkn,,,,0.00,0.000,,,0.00000,0.00000,60.0,
,L21,Cy5,,Unkn,,,,0.00,0.000,,,0.00000,0.00000,60.0,
,L22,Cy5,,Unkn,,,,0.00,0.000,,,0.00000,0.00000,60.0,
,L23,Cy5,,Unkn,,,,0.00,0.000,,,0.00000,0.00000,60.0,
,L24,Cy5,,Unkn,,,,0.00,0.000,,,0.00000,0.00000,60.0,
,M01,Cy5,,Unkn,,,,0.00,0.000,,,0.00000,0.00000,60.0,
,M02,Cy5,,Unkn,,,,0.00,0.000,,,0.00000,0.00000,60.0,
,M03,Cy5,,Unkn,,,,0.00,0.000,,,0.00000,0.00000,60.0,
,M04,Cy5,,Unkn,,,,0.00,0.000,,,0.00000,0.00000,60.0,
,M05,Cy5,,Unkn,,,,0.00,0.000,,,0.00000,0.00000,60.0,
,M06,Cy5,,Unkn,,,,0.00,0.000,,,0.00000,0.00000,60.0,
,M07,Cy5,,Unkn,,,,0.00,0.000,,,0.00000,0.00000,60.0,
,M08,Cy5,,Unkn,,,,0.00,0.000,,,0.00000,0.00000,60.0,
,M09,Cy5,,Unkn,,,,0.00,0.000,,,0.00000,0.00000,60.0,
,M10,Cy5,,Unkn,,,,0.00,0.000,,,0.00000,0.00000,60.0,
,M11,Cy5,,Unkn,,,,0.00,0.000,,,0.00000,0.00000,60.0,
,M12,Cy5,,Unkn,,,,0.00,0.000,,,0.00000,0.00000,60.0,
,M13,Cy5,,Unkn,,,,0.00,0.000,,,0.00000,0.00000,60.0,
,M14,Cy5,,Unkn,,,,0.00,0.000,,,0.00000,0.00000,60.0,
,M15,Cy5,,Unkn,,,,0.00,0.000,,,0.00000,0.00000,60.0,
,M16,Cy5,,Unkn,,,,0.00,0.000,,,0.00000,0.00000,60.0,
,M17,Cy5,,Unkn,,,,0.00,0.000,,,0.00000,0.00000,60.0,
,M18,Cy5,,Unkn,,,,0.00,0.000,,,0.00000,0.00000,60.0,
,M19,Cy5,,Unkn,,,,0.00,0.000,,,0.00000,0.00000,60.0,
,M20,Cy5,,Unkn,,,,0.00,0.000,,,0.00000,0.00000,60.0,
,M21,Cy5,,Unkn,,,,0.00,0.000,,,0.00000,0.00000,60.0,
,M22,Cy5,,Unkn,,,,0.00,0.000,,,0.00000,0.00000,60.0,
,M23,Cy5,,Unkn,,,,0.00,0.000,,,0.00000,0.00000,60.0,
,M24,Cy5,,Unkn,,,,0.00,0.000,,,0.00000,0.00000,60.0,
,N01,Cy5,,Unkn,,,,0.00,0.000,,,0.00000,0.00000,60.0,
,N02,Cy5,,Unkn,,,,0.00,0.000,,,0.00000,0.00000,60.0,
,N03,Cy5,,Unkn,,,,0.00,0.000,,,0.00000,0.00000,60.0,
,N04,Cy5,,Unkn,,,,0.00,0.000,,,0.00000,0.00000,60.0,
,N05,Cy5,,Unkn,,,,0.00,0.000,,,0.00000,0.00000,60.0,
,N06,Cy5,,Unkn,,,,0.00,0.000,,,0.00000,0.00000,60.0,
,N07,Cy5,,Unkn,,,,0.00,0.000,,,0.00000,0.00000,60.0,
,N08,Cy5,,Unkn,,,,0.00,0.000,,,0.00000,0.00000,60.0,
,N09,Cy5,,Unkn,,,,0.00,0.000,,,0.00000,0.00000,60.0,
,N10,Cy5,,Unkn,,,,0.00,0.000,,,0.00000,0.00000,60.0,
,N11,Cy5,,Unkn,,,,0.00,0.000,,,0.00000,0.00000,60.0,
,N12,Cy5,,Unkn,,,,0.00,0.000,,,0.00000,0.00000,60.0,
,N13,Cy5,,Unkn,,,,0.00,0.000,,,0.00000,0.00000,60.0,
,N14,Cy5,,Unkn,,,,0.00,0.000,,,0.00000,0.00000,60.0,
,N15,Cy5,,Unkn,,,,0.00,0.000,,,0.00000,0.00000,60.0,
,N16,Cy5,,Unkn,,,,0.00,0.000,,,0.00000,0.00000,60.0,
,N17,Cy5,,Unkn,,,,0.00,0.000,,,0.00000,0.00000,60.0,
,N18,Cy5,,Unkn,,,,0.00,0.000,,,0.00000,0.00000,60.0,
,N19,Cy5,,Unkn,,,,0.00,0.000,,,0.00000,0.00000,60.0,
,N20,Cy5,,Unkn,,,,0.00,0.000,,,0.00000,0.00000,60.0,
,N21,Cy5,,Unkn,,,,0.00,0.000,,,0.00000,0.00000,60.0,
,N22,Cy5,,Unkn,,,,0.00,0.000,,,0.00000,0.00000,60.0,
,N23,Cy5,,Unkn,,,,0.00,0.000,,,0.00000,0.00000,60.0,
,N24,Cy5,,Unkn,,,,0.00,0.000,,,0.00000,0.00000,60.0,
,O01,Cy5,,Unkn,,,,0.00,0.000,,,0.00000,0.00000,60.0,
,O02,Cy5,,Unkn,,,,0.00,0.000,,,0.00000,0.00000,60.0,
,O03,Cy5,,Unkn,,,,0.00,0.000,,,0.00000,0.00000,60.0,
,O04,Cy5,,Unkn,,,,0.00,0.000,,,0.00000,0.00000,60.0,
,O05,Cy5,,Unkn,,,,0.00,0.000,,,0.00000,0.00000,60.0,
,O06,Cy5,,Unkn,,,,0.00,0.000,,,0.00000,0.00000,60.0,
,O07,Cy5,,Unkn,,,,0.00,0.000,,,0.00000,0.00000,60.0,
,O08,Cy5,,Unkn,,,,0.00,0.000,,,0.00000,0.00000,60.0,
,O09,Cy5,,Unkn,,,,0.00,0.000,,,0.00000,0.00000,60.0,
,O10,Cy5,,Unkn,,,,0.00,0.000,,,0.00000,0.00000,60.0,
,O11,Cy5,,Unkn,,,,0.00,0.000,,,0.00000,0.00000,60.0,
,O12,Cy5,,Unkn,,,,0.00,0.000,,,0.00000,0.00000,60.0,
,O13,Cy5,,Unkn,,,,0.00,0.000,,,0.00000,0.00000,60.0,
,O14,Cy5,,Unkn,,,,0.00,0.000,,,0.00000,0.00000,60.0,
,O15,Cy5,,Unkn,,,,0.00,0.000,,,0.00000,0.00000,60.0,
,O16,Cy5,,Unkn,,,,0.00,0.000,,,0.00000,0.00000,60.0,
,O17,Cy5,,Unkn,,,,0.00,0.000,,,0.00000,0.00000,60.0,
,O18,Cy5,,Unkn,,,,0.00,0.000,,,0.00000,0.00000,60.0,
,O19,Cy5,,Unkn,,,,0.00,0.000,,,0.00000,0.00000,60.0,
,O20,Cy5,,Unkn,,,,0.00,0.000,,,0.00000,0.00000,60.0,
,O21,Cy5,,Unkn,,,,0.00,0.000,,,0.00000,0.00000,60.0,
,O22,Cy5,,Unkn,,,,0.00,0.000,,,0.00000,0.00000,60.0,
,O23,Cy5,,Unkn,,,,0.00,0.000,,,0.00000,0.00000,60.0,
,O24,Cy5,,Unkn,,,,0.00,0.000,,,0.00000,0.00000,60.0,
,P01,Cy5,,Unkn,,,,0.00,0.000,,,0.00000,0.00000,60.0,
,P02,Cy5,,Unkn,,,,0.00,0.000,,,0.00000,0.00000,60.0,
,P03,Cy5,,Unkn,,,,0.00,0.000,,,0.00000,0.00000,60.0,
,P04,Cy5,,Unkn,,,,0.00,0.000,,,0.00000,0.00000,60.0,
,P05,Cy5,,Unkn,,,,0.00,0.000,,,0.00000,0.00000,60.0,
,P06,Cy5,,Unkn,,,,0.00,0.000,,,0.00000,0.00000,60.0,
,P07,Cy5,,Unkn,,,,0.00,0.000,,,0.00000,0.00000,60.0,
,P08,Cy5,,Unkn,,,,0.00,0.000,,,0.00000,0.00000,60.0,
,P09,Cy5,,Unkn,,,,0.00,0.000,,,0.00000,0.00000,60.0,
,P10,Cy5,,Unkn,,,,0.00,0.000,,,0.00000,0.00000,60.0,
,P11,Cy5,,Unkn,,,,0.00,0.000,,,0.00000,0.00000,60.0,
,P12,Cy5,,Unkn,,,,0.00,0.000,,,0.00000,0.00000,60.0,
,P13,Cy5,,Unkn,,,,0.00,0.000,,,0.00000,0.00000,60.0,
,P14,Cy5,,Unkn,,,,0.00,0.000,,,0.00000,0.00000,60.0,
,P15,Cy5,,Unkn,,,,0.00,0.000,,,0.00000,0.00000,60.0,
,P16,Cy5,,Unkn,,,,0.00,0.000,,,0.00000,0.00000,60.0,
,P17,Cy5,,Unkn,,,,0.00,0.000,,,0.00000,0.00000,60.0,
,P18,Cy5,,Unkn,,,,0.00,0.000,,,0.00000,0.00000,60.0,
,P19,Cy5,,Unkn,,,,0.00,0.000,,,0.00000,0.00000,60.0,
,P20,Cy5,,Unkn,,,,0.00,0.000,,,0.00000,0.00000,60.0,
,P21,Cy5,,Unkn,,,,0.00,0.000,,,0.00000,0.00000,60.0,
,P22,Cy5,,Unkn,,,,0.00,0.000,,,0.00000,0.00000,60.0,
,P23,Cy5,,Unkn,,,,0.00,0.000,,,0.00000,0.00000,60.0,
,P24,Cy5,,Unkn,,,,0.00,0.000,,,0.00000,0.00000,60.0,
,A01,FAM,,Unkn,,,34.38,34.38,0.000,,,,0.00000,60.0,
,A02,FAM,,Unkn,,,,0.00,0.000,,,0.00000,0.00000,60.0,
,A03,FAM,,Unkn,,,34.18,34.18,0.000,,,,0.00000,60.0,
,A04,FAM,,Unkn,,,,0.00,0.000,,,0.00000,0.00000,60.0,
,A05,FAM,,Unkn,,,34.88,34.88,0.000,,,,0.00000,60.0,
,A06,FAM,,Unkn,,,,0.00,0.000,,,0.00000,0.00000,60.0,
,A07,FAM,,Unkn,,,,0.00,0.000,,,0.00000,0.00000,60.0,
,A08,FAM,,Unkn,,,,0.00,0.000,,,0.00000,0.00000,60.0,
,A09,FAM,,Unkn,,,,0.00,0.000,,,0.00000,0.00000,60.0,
,A10,FAM,,Unkn,,,,0.00,0.000,,,0.00000,0.00000,60.0,
,A11,FAM,,Unkn,,,,0.00,0.000,,,0.00000,0.00000,60.0,
,A12,FAM,,Unkn,,,,0.00,0.000,,,0.00000,0.00000,60.0,
,A13,FAM,,Unkn,,,,0.00,0.000,,,0.00000,0.00000,60.0,
,A14,FAM,,Unkn,,,,0.00,0.000,,,0.00000,0.00000,60.0,
,A15,FAM,,Unkn,,,,0.00,0.000,,,0.00000,0.00000,60.0,
,A16,FAM,,Unkn,,,,0.00,0.000,,,0.00000,0.00000,60.0,
,A17,FAM,,Unkn,,,,0.00,0.000,,,0.00000,0.00000,60.0,
,A18,FAM,,Unkn,,,,0.00,0.000,,,0.00000,0.00000,60.0,
,A19,FAM,,Unkn,,,,0.00,0.000,,,0.00000,0.00000,60.0,
,A20,FAM,,Unkn,,,,0.00,0.000,,,0.00000,0.00000,60.0,
,A21,FAM,,Unkn,,,,0.00,0.000,,,0.00000,0.00000,60.0,
,A22,FAM,,Unkn,,,,0.00,0.000,,,0.00000,0.00000,60.0,
,A23,FAM,,Unkn,,,,0.00,0.000,,,0.00000,0.00000,60.0,
,A24,FAM,,Unkn,,,,0.00,0.000,,,0.00000,0.00000,60.0,
,B01,FAM,,Unkn,,,33.91,33.91,0.000,,,,0.00000,60.0,
,B02,FAM,,Unkn,,,,0.00,0.000,,,0.00000,0.00000,60.0,
,B03,FAM,,Unkn,,,34.11,34.11,0.000,,,,0.00000,60.0,
,B04,FAM,,Unkn,,,,0.00,0.000,,,0.00000,0.00000,60.0,
,B05,FAM,,Unkn,,,34.31,34.31,0.000,,,,0.00000,60.0,
,B06,FAM,,Unkn,,,,0.00,0.000,,,0.00000,0.00000,60.0,
,B07,FAM,,Unkn,,,,0.00,0.000,,,0.00000,0.00000,60.0,
,B08,FAM,,Unkn,,,,0.00,0.000,,,0.00000,0.00000,60.0,
,B09,FAM,,Unkn,,,,0.00,0.000,,,0.00000,0.00000,60.0,
,B10,FAM,,Unkn,,,,0.00,0.000,,,0.00000,0.00000,60.0,
,B11,FAM,,Unkn,,,,0.00,0.000,,,0.00000,0.00000,60.0,
,B12,FAM,,Unkn,,,,0.00,0.000,,,0.00000,0.00000,60.0,
,B13,FAM,,Unkn,,,,0.00,0.000,,,0.00000,0.00000,60.0,
,B14,FAM,,Unkn,,,,0.00,0.000,,,0.00000,0.00000,60.0,
,B15,FAM,,Unkn,,,,0.00,0.000,,,0.00000,0.00000,60.0,
,B16,FAM,,Unkn,,,,0.00,0.000,,,0.00000,0.00000,60.0,
,B17,FAM,,Unkn,,,,0.00,0.000,,,0.00000,0.00000,60.0,
,B18,FAM,,Unkn,,,,0.00,0.000,,,0.00000,0.00000,60.0,
,B19,FAM,,Unkn,,,,0.00,0.000,,,0.00000,0.00000,60.0,
,B20,FAM,,Unkn,,,,0.00,0.000,,,0.00000,0.00000,60.0,
,B21,FAM,,Unkn,,,,0.00,0.000,,,0.00000,0.00000,60.0,
,B22,FAM,,Unkn,,,,0.00,0.000,,,0.00000,0.00000,60.0,
,B23,FAM,,Unkn,,,,0.00,0.000,,,0.00000,0.00000,60.0,
,B24,FAM,,Unkn,,,,0.00,0.000,,,0.00000,0.00000,60.0,
,C01,FAM,,Unkn,,,34.20,34.20,0.000,,,,0.00000,60.0,
,C02,FAM,,Unkn,,,,0.00,0.000,,,0.00000,0.00000,60.0,
,C03,FAM,,Unkn,,,34.49,34.49,0.000,,,,0.00000,60.0,
,C04,FAM,,Unkn,,,,0.00,0.000,,,0.00000,0.00000,60.0,
,C05,FAM,,Unkn,,,34.20,34.20,0.000,,,,0.00000,60.0,
,C06,FAM,,Unkn,,,,0.00,0.000,,,0.00000,0.00000,60.0,
,C07,FAM,,Unkn,,,,0.00,0.000,,,0.00000,0.00000,60.0,
,C08,FAM,,Unkn,,,,0.00,0.000,,,0.00000,0.00000,60.0,
,C09,FAM,,Unkn,,,,0.00,0.000,,,0.00000,0.00000,60.0,
,C10,FAM,,Unkn,,,,0.00,0.000,,,0.00000,0.00000,60.0,
,C11,FAM,,Unkn,,,,0.00,0.000,,,0.00000,0.00000,60.0,
,C12,FAM,,Unkn,,,,0.00,0.000,,,0.00000,0.00000,60.0,
,C13,FAM,,Unkn,,,,0.00,0.000,,,0.00000,0.00000,60.0,
,C14,FAM,,Unkn,,,,0.00,0.000,,,0.00000,0.00000,60.0,
,C15,FAM,,Unkn,,,,0.00,0.000,,,0.00000,0.00000,60.0,
,C16,FAM,,Unkn,,,,0.00,0.000,,,0.00000,0.00000,60.0,
,C17,FAM,,Unkn,,,,0.00,0.000,,,0.00000,0.00000,60.0,
,C18,FAM,,Unkn,,,,0.00,0.000,,,0.00000,0.00000,60.0,
,C19,FAM,,Unkn,,,,0.00,0.000,,,0.00000,0.00000,60.0,
,C20,FAM,,Unkn,,,,0.00,0.000,,,0.00000,0.00000,60.0,
,C21,FAM,,Unkn,,,,0.00,0.000,,,0.00000,0.00000,60.0,
,C22,FAM,,Unkn,,,,0.00,0.000,,,0.00000,0.00000,60.0,
,C23,FAM,,Unkn,,,,0.00,0.000,,,0.00000,0.00000,60.0,
,C24,FAM,,Unkn,,,,0.00,0.000,,,0.00000,0.00000,60.0,
,D01,FAM,,Unkn,,,21.43,21.43,0.000,,,,0.00000,60.0,
,D02,FAM,,Unkn,,,,0.00,0.000,,,0.00000,0.00000,60.0,
,D03,FAM,,Unkn,,,21.88,21.88,0.000,,,,0.00000,60.0,
,D04,FAM,,Unkn,,,,0.00,0.000,,,0.00000,0.00000,60.0,
,D05,FAM,,Unkn,,,21.23,21.23,0.000,,,,0.00000,60.0,
,D06,FAM,,Unkn,,,,0.00,0.000,,,0.00000,0.00000,60.0,
,D07,FAM,,Unkn,,,22.56,22.56,0.000,,,,0.00000,60.0,
,D08,FAM,,Unkn,,,,0.00,0.000,,,0.00000,0.00000,60.0,
,D09,FAM,,Unkn,,,22.74,22.74,0.000,,,,0.00000,60.0,
,D10,FAM,,Unkn,,,,0.00,0.000,,,0.00000,0.00000,60.0,
,D11,FAM,,Unkn,,,22.27,22.27,0.000,,,,0.00000,60.0,
,D12,FAM,,Unkn,,,,0.00,0.000,,,0.00000,0.00000,60.0,
,D13,FAM,,Unkn,,,21.91,21.91,0.000,,,,0.00000,60.0,
,D14,FAM,,Unkn,,,,0.00,0.000,,,0.00000,0.00000,60.0,
,D15,FAM,,Unkn,,,22.07,22.07,0.000,,,,0.00000,60.0,
,D16,FAM,,Unkn,,,,0.00,0.000,,,0.00000,0.00000,60.0,
,D17,FAM,,Unkn,,,21.75,21.75,0.000,,,,0.00000,60.0,
,D18,FAM,,Unkn,,,,0.00,0.000,,,0.00000,0.00000,60.0,
,D19,FAM,,Unkn,,,,0.00,0.000,,,0.00000,0.00000,60.0,
,D20,FAM,,Unkn,,,,0.00,0.000,,,0.00000,0.00000,60.0,
,D21,FAM,,Unkn,,,,0.00,0.000,,,0.00000,0.00000,60.0,
,D22,FAM,,Unkn,,,,0.00,0.000,,,0.00000,0.00000,60.0,
,D23,FAM,,Unkn,,,,0.00,0.000,,,0.00000,0.00000,60.0,
,D24,FAM,,Unkn,,,,0.00,0.000,,,0.00000,0.00000,60.0,
,E01,FAM,,Unkn,,,21.67,21.67,0.000,,,,0.00000,60.0,
,E02,FAM,,Unkn,,,,0.00,0.000,,,0.00000,0.00000,60.0,
,E03,FAM,,Unkn,,,21.89,21.89,0.000,,,,0.00000,60.0,
,E04,FAM,,Unkn,,,,0.00,0.000,,,0.00000,0.00000,60.0,
,E05,FAM,,Unkn,,,21.33,21.33,0.000,,,,0.00000,60.0,
,E06,FAM,,Unkn,,,,0.00,0.000,,,0.00000,0.00000,60.0,
,E07,FAM,,Unkn,,,22.50,22.50,0.000,,,,0.00000,60.0,
,E08,FAM,,Unkn,,,,0.00,0.000,,,0.00000,0.00000,60.0,
,E09,FAM,,Unkn,,,22.77,22.77,0.000,,,,0.00000,60.0,
,E10,FAM,,Unkn,,,,0.00,0.000,,,0.00000,0.00000,60.0,
,E11,FAM,,Unkn,,,22.21,22.21,0.000,,,,0.00000,60.0,
,E12,FAM,,Unkn,,,,0.00,0.000,,,0.00000,0.00000,60.0,
,E13,FAM,,Unkn,,,21.95,21.95,0.000,,,,0.00000,60.0,
,E14,FAM,,Unkn,,,,0.00,0.000,,,0.00000,0.00000,60.0,
,E15,FAM,,Unkn,,,22.09,22.09,0.000,,,,0.00000,60.0,
,E16,FAM,,Unkn,,,,0.00,0.000,,,0.00000,0.00000,60.0,
,E17,FAM,,Unkn,,,21.60,21.60,0.000,,,,0.00000,60.0,
,E18,FAM,,Unkn,,,,0.00,0.000,,,0.00000,0.00000,60.0,
,E19,FAM,,Unkn,,,,0.00,0.000,,,0.00000,0.00000,60.0,
,E20,FAM,,Unkn,,,,0.00,0.000,,,0.00000,0.00000,60.0,
,E21,FAM,,Unkn,,,,0.00,0.000,,,0.00000,0.00000,60.0,
,E22,FAM,,Unkn,,,,0.00,0.000,,,0.00000,0.00000,60.0,
,E23,FAM,,Unkn,,,,0.00,0.000,,,0.00000,0.00000,60.0,
,E24,FAM,,Unkn,,,,0.00,0.000,,,0.00000,0.00000,60.0,
,F01,FAM,,Unkn,,,21.57,21.57,0.000,,,,0.00000,60.0,
,F02,FAM,,Unkn,,,,0.00,0.000,,,0.00000,0.00000,60.0,
,F03,FAM,,Unkn,,,21.79,21.79,0.000,,,,0.00000,60.0,
,F04,FAM,,Unkn,,,,0.00,0.000,,,0.00000,0.00000,60.0,
,F05,FAM,,Unkn,,,21.25,21.25,0.000,,,,0.00000,60.0,
,F06,FAM,,Unkn,,,,0.00,0.000,,,0.00000,0.00000,60.0,
,F07,FAM,,Unkn,,,22.41,22.41,0.000,,,,0.00000,60.0,
,F08,FAM,,Unkn,,,,0.00,0.000,,,0.00000,0.00000,60.0,
,F09,FAM,,Unkn,,,22.96,22.96,0.000,,,,0.00000,60.0,
,F10,FAM,,Unkn,,,,0.00,0.000,,,0.00000,0.00000,60.0,
,F11,FAM,,Unkn,,,22.20,22.20,0.000,,,,0.00000,60.0,
,F12,FAM,,Unkn,,,,0.00,0.000,,,0.00000,0.00000,60.0,
,F13,FAM,,Unkn,,,22.00,22.00,0.000,,,,0.00000,60.0,
,F14,FAM,,Unkn,,,,0.00,0.000,,,0.00000,0.00000,60.0,
,F15,FAM,,Unkn,,,21.98,21.98,0.000,,,,0.00000,60.0,
,F16,FAM,,Unkn,,,,0.00,0.000,,,0.00000,0.00000,60.0,
,F17,FAM,,Unkn,,,21.68,21.68,0.000,,,,0.00000,60.0,
,F18,FAM,,Unkn,,,,0.00,0.000,,,0.00000,0.00000,60.0,
,F19,FAM,,Unkn,,,,0.00,0.000,,,0.00000,0.00000,60.0,
,F20,FAM,,Unkn,,,,0.00,0.000,,,0.00000,0.00000,60.0,
,F21,FAM,,Unkn,,,,0.00,0.000,,,0.00000,0.00000,60.0,
,F22,FAM,,Unkn,,,,0.00,0.000,,,0.00000,0.00000,60.0,
,F23,FAM,,Unkn,,,,0.00,0.000,,,0.00000,0.00000,60.0,
,F24,FAM,,Unkn,,,,0.00,0.000,,,0.00000,0.00000,60.0,
,G01,FAM,,Unkn,,,21.44,21.44,0.000,,,,0.00000,60.0,
,G02,FAM,,Unkn,,,,0.00,0.000,,,0.00000,0.00000,60.0,
,G03,FAM,,Unkn,,,22.03,22.03,0.000,,,,0.00000,60.0,
,G04,FAM,,Unkn,,,,0.00,0.000,,,0.00000,0.00000,60.0,
,G05,FAM,,Unkn,,,22.00,22.00,0.000,,,,0.00000,60.0,
,G06,FAM,,Unkn,,,,0.00,0.000,,,0.00000,0.00000,60.0,
,G07,FAM,,Unkn,,,22.16,22.16,0.000,,,,0.00000,60.0,
,G08,FAM,,Unkn,,,,0.00,0.000,,,0.00000,0.00000,60.0,
,G09,FAM,,Unkn,,,22.64,22.64,0.000,,,,0.00000,60.0,
,G10,FAM,,Unkn,,,,0.00,0.000,,,0.00000,0.00000,60.0,
,G11,FAM,,Unkn,,,22.63,22.63,0.000,,,,0.00000,60.0,
,G12,FAM,,Unkn,,,,0.00,0.000,,,0.00000,0.00000,60.0,
,G13,FAM,,Unkn,,,22.19,22.19,0.000,,,,0.00000,60.0,
,G14,FAM,,Unkn,,,,0.00,0.000,,,0.00000,0.00000,60.0,
,G15,FAM,,Unkn,,,22.40,22.40,0.000,,,,0.00000,60.0,
,G16,FAM,,Unkn,,,,0.00,0.000,,,0.00000,0.00000,60.0,
,G17,FAM,,Unkn,,,21.78,21.78,0.000,,,,0.00000,60.0,
,G18,FAM,,Unkn,,,,0.00,0.000,,,0.00000,0.00000,60.0,
,G19,FAM,,Unkn,,,,0.00,0.000,,,0.00000,0.00000,60.0,
,G20,FAM,,Unkn,,,,0.00,0.000,,,0.00000,0.00000,60.0,
,G21,FAM,,Unkn,,,,0.00,0.000,,,0.00000,0.00000,60.0,
,G22,FAM,,Unkn,,,,0.00,0.000,,,0.00000,0.00000,60.0,
,G23,FAM,,Unkn,,,,0.00,0.000,,,0.00000,0.00000,60.0,
,G24,FAM,,Unkn,,,,0.00,0.000,,,0.00000,0.00000,60.0,
,H01,FAM,,Unkn,,,21.48,21.48,0.000,,,,0.00000,60.0,
,H02,FAM,,Unkn,,,,0.00,0.000,,,0.00000,0.00000,60.0,
,H03,FAM,,Unkn,,,21.83,21.83,0.000,,,,0.00000,60.0,
,H04,FAM,,Unkn,,,,0.00,0.000,,,0.00000,0.00000,60.0,
,H05,FAM,,Unkn,,,22.04,22.04,0.000,,,,0.00000,60.0,
,H06,FAM,,Unkn,,,,0.00,0.000,,,0.00000,0.00000,60.0,
,H07,FAM,,Unkn,,,22.18,22.18,0.000,,,,0.00000,60.0,
,H08,FAM,,Unkn,,,,0.00,0.000,,,0.00000,0.00000,60.0,
,H09,FAM,,Unkn,,,22.61,22.61,0.000,,,,0.00000,60.0,
,H10,FAM,,Unkn,,,,0.00,0.000,,,0.00000,0.00000,60.0,
,H11,FAM,,Unkn,,,22.83,22.83,0.000,,,,0.00000,60.0,
,H12,FAM,,Unkn,,,,0.00,0.000,,,0.00000,0.00000,60.0,
,H13,FAM,,Unkn,,,22.19,22.19,0.000,,,,0.00000,60.0,
,H14,FAM,,Unkn,,,,0.00,0.000,,,0.00000,0.00000,60.0,
,H15,FAM,,Unkn,,,22.37,22.37,0.000,,,,0.00000,60.0,
,H16,FAM,,Unkn,,,,0.00,0.000,,,0.00000,0.00000,60.0,
,H17,FAM,,Unkn,,,21.73,21.73,0.000,,,,0.00000,60.0,
,H18,FAM,,Unkn,,,,0.00,0.000,,,0.00000,0.00000,60.0,
,H19,FAM,,Unkn,,,,0.00,0.000,,,0.00000,0.00000,60.0,
,H20,FAM,,Unkn,,,,0.00,0.000,,,0.00000,0.00000,60.0,
,H21,FAM,,Unkn,,,,0.00,0.000,,,0.00000,0.00000,60.0,
,H22,FAM,,Unkn,,,,0.00,0.000,,,0.00000,0.00000,60.0,
,H23,FAM,,Unkn,,,,0.00,0.000,,,0.00000,0.00000,60.0,
,H24,FAM,,Unkn,,,,0.00,0.000,,,0.00000,0.00000,60.0,
,I01,FAM,,Unkn,,,21.39,21.39,0.000,,,,0.00000,60.0,
,I02,FAM,,Unkn,,,,0.00,0.000,,,0.00000,0.00000,60.0,
,I03,FAM,,Unkn,,,22.06,22.06,0.000,,,,0.00000,60.0,
,I04,FAM,,Unkn,,,,0.00,0.000,,,0.00000,0.00000,60.0,
,I05,FAM,,Unkn,,,22.17,22.17,0.000,,,,0.00000,60.0,
,I06,FAM,,Unkn,,,,0.00,0.000,,,0.00000,0.00000,60.0,
,I07,FAM,,Unkn,,,22.20,22.20,0.000,,,,0.00000,60.0,
,I08,FAM,,Unkn,,,,0.00,0.000,,,0.00000,0.00000,60.0,
,I09,FAM,,Unkn,,,22.90,22.90,0.000,,,,0.00000,60.0,
,I10,FAM,,Unkn,,,,0.00,0.000,,,0.00000,0.00000,60.0,
,I11,FAM,,Unkn,,,22.64,22.64,0.000,,,,0.00000,60.0,
,I12,FAM,,Unkn,,,,0.00,0.000,,,0.00000,0.00000,60.0,
,I13,FAM,,Unkn,,,22.12,22.12,0.000,,,,0.00000,60.0,
,I14,FAM,,Unkn,,,,0.00,0.000,,,0.00000,0.00000,60.0,
,I15,FAM,,Unkn,,,22.55,22.55,0.000,,,,0.00000,60.0,
,I16,FAM,,Unkn,,,,0.00,0.000,,,0.00000,0.00000,60.0,
,I17,FAM,,Unkn,,,22.13,22.13,0.000,,,,0.00000,60.0,
,I18,FAM,,Unkn,,,,0.00,0.000,,,0.00000,0.00000,60.0,
,I19,FAM,,Unkn,,,,0.00,0.000,,,0.00000,0.00000,60.0,
,I20,FAM,,Unkn,,,,0.00,0.000,,,0.00000,0.00000,60.0,
,I21,FAM,,Unkn,,,,0.00,0.000,,,0.00000,0.00000,60.0,
,I22,FAM,,Unkn,,,,0.00,0.000,,,0.00000,0.00000,60.0,
,I23,FAM,,Unkn,,,,0.00,0.000,,,0.00000,0.00000,60.0,
,I24,FAM,,Unkn,,,,0.00,0.000,,,0.00000,0.00000,60.0,
,J01,FAM,,Unkn,,,21.02,21.02,0.000,,,,0.00000,60.0,
,J02,FAM,,Unkn,,,,0.00,0.000,,,0.00000,0.00000,60.0,
,J03,FAM,,Unkn,,,21.39,21.39,0.000,,,,0.00000,60.0,
,J04,FAM,,Unkn,,,,0.00,0.000,,,0.00000,0.00000,60.0,
,J05,FAM,,Unkn,,,21.30,21.30,0.000,,,,0.00000,60.0,
,J06,FAM,,Unkn,,,,0.00,0.000,,,0.00000,0.00000,60.0,
,J07,FAM,,Unkn,,,21.75,21.75,0.000,,,,0.00000,60.0,
,J08,FAM,,Unkn,,,,0.00,0.000,,,0.00000,0.00000,60.0,
,J09,FAM,,Unkn,,,22.05,22.05,0.000,,,,0.00000,60.0,
,J10,FAM,,Unkn,,,,0.00,0.000,,,0.00000,0.00000,60.0,
,J11,FAM,,Unkn,,,21.92,21.92,0.000,,,,0.00000,60.0,
,J12,FAM,,Unkn,,,,0.00,0.000,,,0.00000,0.00000,60.0,
,J13,FAM,,Unkn,,,21.71,21.71,0.000,,,,0.00000,60.0,
,J14,FAM,,Unkn,,,,0.00,0.000,,,0.00000,0.00000,60.0,
,J15,FAM,,Unkn,,,21.50,21.50,0.000,,,,0.00000,60.0,
,J16,FAM,,Unkn,,,,0.00,0.000,,,0.00000,0.00000,60.0,
,J17,FAM,,Unkn,,,21.88,21.88,0.000,,,,0.00000,60.0,
,J18,FAM,,Unkn,,,,0.00,0.000,,,0.00000,0.00000,60.0,
,J19,FAM,,Unkn,,,,0.00,0.000,,,0.00000,0.00000,60.0,
,J20,FAM,,Unkn,,,,0.00,0.000,,,0.00000,0.00000,60.0,
,J21,FAM,,Unkn,,,,0.00,0.000,,,0.00000,0.00000,60.0,
,J22,FAM,,Unkn,,,,0.00,0.000,,,0.00000,0.00000,60.0,
,J23,FAM,,Unkn,,,,0.00,0.000,,,0.00000,0.00000,60.0,
,J24,FAM,,Unkn,,,,0.00,0.000,,,0.00000,0.00000,60.0,
,K01,FAM,,Unkn,,,21.18,21.18,0.000,,,,0.00000,60.0,
,K02,FAM,,Unkn,,,,0.00,0.000,,,0.00000,0.00000,60.0,
,K03,FAM,,Unkn,,,21.57,21.57,0.000,,,,0.00000,60.0,
,K04,FAM,,Unkn,,,,0.00,0.000,,,0.00000,0.00000,60.0,
,K05,FAM,,Unkn,,,21.36,21.36,0.000,,,,0.00000,60.0,
,K06,FAM,,Unkn,,,,0.00,0.000,,,0.00000,0.00000,60.0,
,K07,FAM,,Unkn,,,22.30,22.30,0.000,,,,0.00000,60.0,
,K08,FAM,,Unkn,,,,0.00,0.000,,,0.00000,0.00000,60.0,
,K09,FAM,,Unkn,,,22.57,22.57,0.000,,,,0.00000,60.0,
,K10,FAM,,Unkn,,,,0.00,0.000,,,0.00000,0.00000,60.0,
,K11,FAM,,Unkn,,,22.47,22.47,0.000,,,,0.00000,60.0,
,K12,FAM,,Unkn,,,,0.00,0.000,,,0.00000,0.00000,60.0,
,K13,FAM,,Unkn,,,21.99,21.99,0.000,,,,0.00000,60.0,
,K14,FAM,,Unkn,,,,0.00,0.000,,,0.00000,0.00000,60.0,
,K15,FAM,,Unkn,,,21.58,21.58,0.000,,,,0.00000,60.0,
,K16,FAM,,Unkn,,,,0.00,0.000,,,0.00000,0.00000,60.0,
,K17,FAM,,Unkn,,,21.93,21.93,0.000,,,,0.00000,60.0,
,K18,FAM,,Unkn,,,,0.00,0.000,,,0.00000,0.00000,60.0,
,K19,FAM,,Unkn,,,,0.00,0.000,,,0.00000,0.00000,60.0,
,K20,FAM,,Unkn,,,,0.00,0.000,,,0.00000,0.00000,60.0,
,K21,FAM,,Unkn,,,,0.00,0.000,,,0.00000,0.00000,60.0,
,K22,FAM,,Unkn,,,,0.00,0.000,,,0.00000,0.00000,60.0,
,K23,FAM,,Unkn,,,,0.00,0.000,,,0.00000,0.00000,60.0,
,K24,FAM,,Unkn,,,,0.00,0.000,,,0.00000,0.00000,60.0,
,L01,FAM,,Unkn,,,,0.00,0.000,,,0.00000,0.00000,60.0,
,L02,FAM,,Unkn,,,,0.00,0.000,,,0.00000,0.00000,60.0,
,L03,FAM,,Unkn,,,21.44,21.44,0.000,,,,0.00000,60.0,
,L04,FAM,,Unkn,,,,0.00,0.000,,,0.00000,0.00000,60.0,
,L05,FAM,,Unkn,,,21.51,21.51,0.000,,,,0.00000,60.0,
,L06,FAM,,Unkn,,,,0.00,0.000,,,0.00000,0.00000,60.0,
,L07,FAM,,Unkn,,,22.05,22.05,0.000,,,,0.00000,60.0,
,L08,FAM,,Unkn,,,,0.00,0.000,,,0.00000,0.00000,60.0,
,L09,FAM,,Unkn,,,22.54,22.54,0.000,,,,0.00000,60.0,
,L10,FAM,,Unkn,,,,0.00,0.000,,,0.00000,0.00000,60.0,
,L11,FAM,,Unkn,,,22.18,22.18,0.000,,,,0.00000,60.0,
,L12,FAM,,Unkn,,,,0.00,0.000,,,0.00000,0.00000,60.0,
,L13,FAM,,Unkn,,,22.11,22.11,0.000,,,,0.00000,60.0,
,L14,FAM,,Unkn,,,,0.00,0.000,,,0.00000,0.00000,60.0,
,L15,FAM,,Unkn,,,22.02,22.02,0.000,,,,0.00000,60.0,
,L16,FAM,,Unkn,,,,0.00,0.000,,,0.00000,0.00000,60.0,
,L17,FAM,,Unkn,,,22.08,22.08,0.000,,,,0.00000,60.0,
,L18,FAM,,Unkn,,,,0.00,0.000,,,0.00000,0.00000,60.0,
,L19,FAM,,Unkn,,,,0.00,0.000,,,0.00000,0.00000,60.0,
,L20,FAM,,Unkn,,,,0.00,0.000,,,0.00000,0.00000,60.0,
,L21,FAM,,Unkn,,,,0.00,0.000,,,0.00000,0.00000,60.0,
,L22,FAM,,Unkn,,,,0.00,0.000,,,0.00000,0.00000,60.0,
,L23,FAM,,Unkn,,,,0.00,0.000,,,0.00000,0.00000,60.0,
,L24,FAM,,Unkn,,,,0.00,0.000,,,0.00000,0.00000,60.0,
,M01,FAM,,Unkn,,,,0.00,0.000,,,0.00000,0.00000,60.0,
,M02,FAM,,Unkn,,,,0.00,0.000,,,0.00000,0.00000,60.0,
,M03,FAM,,Unkn,,,,0.00,0.000,,,0.00000,0.00000,60.0,
,M04,FAM,,Unkn,,,,0.00,0.000,,,0.00000,0.00000,60.0,
,M05,FAM,,Unkn,,,,0.00,0.000,,,0.00000,0.00000,60.0,
,M06,FAM,,Unkn,,,,0.00,0.000,,,0.00000,0.00000,60.0,
,M07,FAM,,Unkn,,,,0.00,0.000,,,0.00000,0.00000,60.0,
,M08,FAM,,Unkn,,,,0.00,0.000,,,0.00000,0.00000,60.0,
,M09,FAM,,Unkn,,,,0.00,0.000,,,0.00000,0.00000,60.0,
,M10,FAM,,Unkn,,,,0.00,0.000,,,0.00000,0.00000,60.0,
,M11,FAM,,Unkn,,,,0.00,0.000,,,0.00000,0.00000,60.0,
,M12,FAM,,Unkn,,,,0.00,0.000,,,0.00000,0.00000,60.0,
,M13,FAM,,Unkn,,,,0.00,0.000,,,0.00000,0.00000,60.0,
,M14,FAM,,Unkn,,,,0.00,0.000,,,0.00000,0.00000,60.0,
,M15,FAM,,Unkn,,,,0.00,0.000,,,0.00000,0.00000,60.0,
,M16,FAM,,Unkn,,,,0.00,0.000,,,0.00000,0.00000,60.0,
,M17,FAM,,Unkn,,,,0.00,0.000,,,0.00000,0.00000,60.0,
,M18,FAM,,Unkn,,,,0.00,0.000,,,0.00000,0.00000,60.0,
,M19,FAM,,Unkn,,,,0.00,0.000,,,0.00000,0.00000,60.0,
,M20,FAM,,Unkn,,,,0.00,0.000,,,0.00000,0.00000,60.0,
,M21,FAM,,Unkn,,,,0.00,0.000,,,0.00000,0.00000,60.0,
,M22,FAM,,Unkn,,,,0.00,0.000,,,0.00000,0.00000,60.0,
,M23,FAM,,Unkn,,,,0.00,0.000,,,0.00000,0.00000,60.0,
,M24,FAM,,Unkn,,,,0.00,0.000,,,0.00000,0.00000,60.0,
,N01,FAM,,Unkn,,,,0.00,0.000,,,0.00000,0.00000,60.0,
,N02,FAM,,Unkn,,,,0.00,0.000,,,0.00000,0.00000,60.0,
,N03,FAM,,Unkn,,,,0.00,0.000,,,0.00000,0.00000,60.0,
,N04,FAM,,Unkn,,,,0.00,0.000,,,0.00000,0.00000,60.0,
,N05,FAM,,Unkn,,,,0.00,0.000,,,0.00000,0.00000,60.0,
,N06,FAM,,Unkn,,,,0.00,0.000,,,0.00000,0.00000,60.0,
,N07,FAM,,Unkn,,,,0.00,0.000,,,0.00000,0.00000,60.0,
,N08,FAM,,Unkn,,,,0.00,0.000,,,0.00000,0.00000,60.0,
,N09,FAM,,Unkn,,,,0.00,0.000,,,0.00000,0.00000,60.0,
,N10,FAM,,Unkn,,,,0.00,0.000,,,0.00000,0.00000,60.0,
,N11,FAM,,Unkn,,,,0.00,0.000,,,0.00000,0.00000,60.0,
,N12,FAM,,Unkn,,,,0.00,0.000,,,0.00000,0.00000,60.0,
,N13,FAM,,Unkn,,,,0.00,0.000,,,0.00000,0.00000,60.0,
,N14,FAM,,Unkn,,,,0.00,0.000,,,0.00000,0.00000,60.0,
,N15,FAM,,Unkn,,,,0.00,0.000,,,0.00000,0.00000,60.0,
,N16,FAM,,Unkn,,,,0.00,0.000,,,0.00000,0.00000,60.0,
,N17,FAM,,Unkn,,,,0.00,0.000,,,0.00000,0.00000,60.0,
,N18,FAM,,Unkn,,,,0.00,0.000,,,0.00000,0.00000,60.0,
,N19,FAM,,Unkn,,,,0.00,0.000,,,0.00000,0.00000,60.0,
,N20,FAM,,Unkn,,,,0.00,0.000,,,0.00000,0.00000,60.0,
,N21,FAM,,Unkn,,,,0.00,0.000,,,0.00000,0.00000,60.0,
,N22,FAM,,Unkn,,,,0.00,0.000,,,0.00000,0.00000,60.0,
,N23,FAM,,Unkn,,,,0.00,0.000,,,0.00000,0.00000,60.0,
,N24,FAM,,Unkn,,,,0.00,0.000,,,0.00000,0.00000,60.0,
,O01,FAM,,Unkn,,,,0.00,0.000,,,0.00000,0.00000,60.0,
,O02,FAM,,Unkn,,,,0.00,0.000,,,0.00000,0.00000,60.0,
,O03,FAM,,Unkn,,,,0.00,0.000,,,0.00000,0.00000,60.0,
,O04,FAM,,Unkn,,,,0.00,0.000,,,0.00000,0.00000,60.0,
,O05,FAM,,Unkn,,,,0.00,0.000,,,0.00000,0.00000,60.0,
,O06,FAM,,Unkn,,,,0.00,0.000,,,0.00000,0.00000,60.0,
,O07,FAM,,Unkn,,,,0.00,0.000,,,0.00000,0.00000,60.0,
,O08,FAM,,Unkn,,,,0.00,0.000,,,0.00000,0.00000,60.0,
,O09,FAM,,Unkn,,,,0.00,0.000,,,0.00000,0.00000,60.0,
,O10,FAM,,Unkn,,,,0.00,0.000,,,0.00000,0.00000,60.0,
,O11,FAM,,Unkn,,,,0.00,0.000,,,0.00000,0.00000,60.0,
,O12,FAM,,Unkn,,,,0.00,0.000,,,0.00000,0.00000,60.0,
,O13,FAM,,Unkn,,,,0.00,0.000,,,0.00000,0.00000,60.0,
,O14,FAM,,Unkn,,,,0.00,0.000,,,0.00000,0.00000,60.0,
,O15,FAM,,Unkn,,,,0.00,0.000,,,0.00000,0.00000,60.0,
,O16,FAM,,Unkn,,,,0.00,0.000,,,0.00000,0.00000,60.0,
,O17,FAM,,Unkn,,,,0.00,0.000,,,0.00000,0.00000,60.0,
,O18,FAM,,Unkn,,,,0.00,0.000,,,0.00000,0.00000,60.0,
,O19,FAM,,Unkn,,,,0.00,0.000,,,0.00000,0.00000,60.0,
,O20,FAM,,Unkn,,,,0.00,0.000,,,0.00000,0.00000,60.0,
,O21,FAM,,Unkn,,,,0.00,0.000,,,0.00000,0.00000,60.0,
,O22,FAM,,Unkn,,,,0.00,0.000,,,0.00000,0.00000,60.0,
,O23,FAM,,Unkn,,,,0.00,0.000,,,0.00000,0.00000,60.0,
,O24,FAM,,Unkn,,,,0.00,0.000,,,0.00000,0.00000,60.0,
,P01,FAM,,Unkn,,,,0.00,0.000,,,0.00000,0.00000,60.0,
,P02,FAM,,Unkn,,,,0.00,0.000,,,0.00000,0.00000,60.0,
,P03,FAM,,Unkn,,,,0.00,0.000,,,0.00000,0.00000,60.0,
,P04,FAM,,Unkn,,,,0.00,0.000,,,0.00000,0.00000,60.0,
,P05,FAM,,Unkn,,,,0.00,0.000,,,0.00000,0.00000,60.0,
,P06,FAM,,Unkn,,,,0.00,0.000,,,0.00000,0.00000,60.0,
,P07,FAM,,Unkn,,,,0.00,0.000,,,0.00000,0.00000,60.0,
,P08,FAM,,Unkn,,,,0.00,0.000,,,0.00000,0.00000,60.0,
,P09,FAM,,Unkn,,,,0.00,0.000,,,0.00000,0.00000,60.0,
,P10,FAM,,Unkn,,,,0.00,0.000,,,0.00000,0.00000,60.0,
,P11,FAM,,Unkn,,,,0.00,0.000,,,0.00000,0.00000,60.0,
,P12,FAM,,Unkn,,,,0.00,0.000,,,0.00000,0.00000,60.0,
,P13,FAM,,Unkn,,,,0.00,0.000,,,0.00000,0.00000,60.0,
,P14,FAM,,Unkn,,,,0.00,0.000,,,0.00000,0.00000,60.0,
,P15,FAM,,Unkn,,,,0.00,0.000,,,0.00000,0.00000,60.0,
,P16,FAM,,Unkn,,,,0.00,0.000,,,0.00000,0.00000,60.0,
,P17,FAM,,Unkn,,,,0.00,0.000,,,0.00000,0.00000,60.0,
,P18,FAM,,Unkn,,,,0.00,0.000,,,0.00000,0.00000,60.0,
,P19,FAM,,Unkn,,,,0.00,0.000,,,0.00000,0.00000,60.0,
,P20,FAM,,Unkn,,,,0.00,0.000,,,0.00000,0.00000,60.0,
,P21,FAM,,Unkn,,,,0.00,0.000,,,0.00000,0.00000,60.0,
,P22,FAM,,Unkn,,,,0.00,0.000,,,0.00000,0.00000,60.0,
,P23,FAM,,Unkn,,,,0.00,0.000,,,0.00000,0.00000,60.0,
,P24,FAM,,Unkn,,,,0.00,0.000,,,0.00000,0.00000,60.0,
,A01,HEX,,Unkn,,,35.38,35.38,0.000,,,,0.00000,60.0,
,A02,HEX,,Unkn,,,,0.00,0.000,,,0.00000,0.00000,60.0,
,A03,HEX,,Unkn,,,36.28,36.28,0.000,,,,0.00000,60.0,
,A04,HEX,,Unkn,,,,0.00,0.000,,,0.00000,0.00000,60.0,
,A05,HEX,,Unkn,,,36.07,36.07,0.000,,,,0.00000,60.0,
,A06,HEX,,Unkn,,,,0.00,0.000,,,0.00000,0.00000,60.0,
,A07,HEX,,Unkn,,,,0.00,0.000,,,0.00000,0.00000,60.0,
,A08,HEX,,Unkn,,,,0.00,0.000,,,0.00000,0.00000,60.0,
,A09,HEX,,Unkn,,,,0.00,0.000,,,0.00000,0.00000,60.0,
,A10,HEX,,Unkn,,,,0.00,0.000,,,0.00000,0.00000,60.0,
,A11,HEX,,Unkn,,,,0.00,0.000,,,0.00000,0.00000,60.0,
,A12,HEX,,Unkn,,,,0.00,0.000,,,0.00000,0.00000,60.0,
,A13,HEX,,Unkn,,,,0.00,0.000,,,0.00000,0.00000,60.0,
,A14,HEX,,Unkn,,,,0.00,0.000,,,0.00000,0.00000,60.0,
,A15,HEX,,Unkn,,,,0.00,0.000,,,0.00000,0.00000,60.0,
,A16,HEX,,Unkn,,,,0.00,0.000,,,0.00000,0.00000,60.0,
,A17,HEX,,Unkn,,,,0.00,0.000,,,0.00000,0.00000,60.0,
,A18,HEX,,Unkn,,,,0.00,0.000,,,0.00000,0.00000,60.0,
,A19,HEX,,Unkn,,,,0.00,0.000,,,0.00000,0.00000,60.0,
,A20,HEX,,Unkn,,,,0.00,0.000,,,0.00000,0.00000,60.0,
,A21,HEX,,Unkn,,,,0.00,0.000,,,0.00000,0.00000,60.0,
,A22,HEX,,Unkn,,,,0.00,0.000,,,0.00000,0.00000,60.0,
,A23,HEX,,Unkn,,,,0.00,0.000,,,0.00000,0.00000,60.0,
,A24,HEX,,Unkn,,,,0.00,0.000,,,0.00000,0.00000,60.0,
,B01,HEX,,Unkn,,,35.64,35.64,0.000,,,,0.00000,60.0,
,B02,HEX,,Unkn,,,,0.00,0.000,,,0.00000,0.00000,60.0,
,B03,HEX,,Unkn,,,36.05,36.05,0.000,,,,0.00000,60.0,
,B04,HEX,,Unkn,,,,0.00,0.000,,,0.00000,0.00000,60.0,
,B05,HEX,,Unkn,,,35.89,35.89,0.000,,,,0.00000,60.0,
,B06,HEX,,Unkn,,,,0.00,0.000,,,0.00000,0.00000,60.0,
,B07,HEX,,Unkn,,,,0.00,0.000,,,0.00000,0.00000,60.0,
,B08,HEX,,Unkn,,,,0.00,0.000,,,0.00000,0.00000,60.0,
,B09,HEX,,Unkn,,,,0.00,0.000,,,0.00000,0.00000,60.0,
,B10,HEX,,Unkn,,,,0.00,0.000,,,0.00000,0.00000,60.0,
,B11,HEX,,Unkn,,,,0.00,0.000,,,0.00000,0.00000,60.0,
,B12,HEX,,Unkn,,,,0.00,0.000,,,0.00000,0.00000,60.0,
,B13,HEX,,Unkn,,,,0.00,0.000,,,0.00000,0.00000,60.0,
,B14,HEX,,Unkn,,,,0.00,0.000,,,0.00000,0.00000,60.0,
,B15,HEX,,Unkn,,,,0.00,0.000,,,0.00000,0.00000,60.0,
,B16,HEX,,Unkn,,,,0.00,0.000,,,0.00000,0.00000,60.0,
,B17,HEX,,Unkn,,,,0.00,0.000,,,0.00000,0.00000,60.0,
,B18,HEX,,Unkn,,,,0.00,0.000,,,0.00000,0.00000,60.0,
,B19,HEX,,Unkn,,,,0.00,0.000,,,0.00000,0.00000,60.0,
,B20,HEX,,Unkn,,,,0.00,0.000,,,0.00000,0.00000,60.0,
,B21,HEX,,Unkn,,,,0.00,0.000,,,0.00000,0.00000,60.0,
,B22,HEX,,Unkn,,,,0.00,0.000,,,0.00000,0.00000,60.0,
,B23,HEX,,Unkn,,,,0.00,0.000,,,0.00000,0.00000,60.0,
,B24,HEX,,Unkn,,,,0.00,0.000,,,0.00000,0.00000,60.0,
,C01,HEX,,Unkn,,,35.49,35.49,0.000,,,,0.00000,60.0,
,C02,HEX,,Unkn,,,,0.00,0.000,,,0.00000,0.00000,60.0,
,C03,HEX,,Unkn,,,35.79,35.79,0.000,,,,0.00000,60.0,
,C04,HEX,,Unkn,,,,0.00,0.000,,,0.00000,0.00000,60.0,
,C05,HEX,,Unkn,,,35.77,35.77,0.000,,,,0.00000,60.0,
,C06,HEX,,Unkn,,,,0.00,0.000,,,0.00000,0.00000,60.0,
,C07,HEX,,Unkn,,,,0.00,0.000,,,0.00000,0.00000,60.0,
,C08,HEX,,Unkn,,,,0.00,0.000,,,0.00000,0.00000,60.0,
,C09,HEX,,Unkn,,,,0.00,0.000,,,0.00000,0.00000,60.0,
,C10,HEX,,Unkn,,,,0.00,0.000,,,0.00000,0.00000,60.0,
,C11,HEX,,Unkn,,,,0.00,0.000,,,0.00000,0.00000,60.0,
,C12,HEX,,Unkn,,,,0.00,0.000,,,0.00000,0.00000,60.0,
,C13,HEX,,Unkn,,,,0.00,0.000,,,0.00000,0.00000,60.0,
,C14,HEX,,Unkn,,,,0.00,0.000,,,0.00000,0.00000,60.0,
,C15,HEX,,Unkn,,,,0.00,0.000,,,0.00000,0.00000,60.0,
,C16,HEX,,Unkn,,,,0.00,0.000,,,0.00000,0.00000,60.0,
,C17,HEX,,Unkn,,,,0.00,0.000,,,0.00000,0.00000,60.0,
,C18,HEX,,Unkn,,,,0.00,0.000,,,0.00000,0.00000,60.0,
,C19,HEX,,Unkn,,,,0.00,0.000,,,0.00000,0.00000,60.0,
,C20,HEX,,Unkn,,,,0.00,0.000,,,0.00000,0.00000,60.0,
,C21,HEX,,Unkn,,,,0.00,0.000,,,0.00000,0.00000,60.0,
,C22,HEX,,Unkn,,,,0.00,0.000,,,0.00000,0.00000,60.0,
,C23,HEX,,Unkn,,,,0.00,0.000,,,0.00000,0.00000,60.0,
,C24,HEX,,Unkn,,,,0.00,0.000,,,0.00000,0.00000,60.0,
,D01,HEX,,Unkn,,,24.61,24.61,0.000,,,,0.00000,60.0,
,D02,HEX,,Unkn,,,,0.00,0.000,,,0.00000,0.00000,60.0,
,D03,HEX,,Unkn,,,25.11,25.11,0.000,,,,0.00000,60.0,
,D04,HEX,,Unkn,,,,0.00,0.000,,,0.00000,0.00000,60.0,
,D05,HEX,,Unkn,,,24.34,24.34,0.000,,,,0.00000,60.0,
,D06,HEX,,Unkn,,,,0.00,0.000,,,0.00000,0.00000,60.0,
,D07,HEX,,Unkn,,,25.57,25.57,0.000,,,,0.00000,60.0,
,D08,HEX,,Unkn,,,,0.00,0.000,,,0.00000,0.00000,60.0,
,D09,HEX,,Unkn,,,25.77,25.77,0.000,,,,0.00000,60.0,
,D10,HEX,,Unkn,,,,0.00,0.000,,,0.00000,0.00000,60.0,
,D11,HEX,,Unkn,,,25.33,25.33,0.000,,,,0.00000,60.0,
,D12,HEX,,Unkn,,,,0.00,0.000,,,0.00000,0.00000,60.0,
,D13,HEX,,Unkn,,,25.16,25.16,0.000,,,,0.00000,60.0,
,D14,HEX,,Unkn,,,,0.00,0.000,,,0.00000,0.00000,60.0,
,D15,HEX,,Unkn,,,25.21,25.21,0.000,,,,0.00000,60.0,
,D16,HEX,,Unkn,,,,0.00,0.000,,,0.00000,0.00000,60.0,
,D17,HEX,,Unkn,,,25.04,25.04,0.000,,,,0.00000,60.0,
,D18,HEX,,Unkn,,,,0.00,0.000,,,0.00000,0.00000,60.0,
,D19,HEX,,Unkn,,,,0.00,0.000,,,0.00000,0.00000,60.0,
,D20,HEX,,Unkn,,,,0.00,0.000,,,0.00000,0.00000,60.0,
,D21,HEX,,Unkn,,,,0.00,0.000,,,0.00000,0.00000,60.0,
,D22,HEX,,Unkn,,,,0.00,0.000,,,0.00000,0.00000,60.0,
,D23,HEX,,Unkn,,,,0.00,0.000,,,0.00000,0.00000,60.0,
,D24,HEX,,Unkn,,,,0.00,0.000,,,0.00000,0.00000,60.0,
,E01,HEX,,Unkn,,,24.85,24.85,0.000,,,,0.00000,60.0,
,E02,HEX,,Unkn,,,,0.00,0.000,,,0.00000,0.00000,60.0,
,E03,HEX,,Unkn,,,25.02,25.02,0.000,,,,0.00000,60.0,
,E04,HEX,,Unkn,,,,0.00,0.000,,,0.00000,0.00000,60.0,
,E05,HEX,,Unkn,,,24.39,24.39,0.000,,,,0.00000,60.0,
,E06,HEX,,Unkn,,,,0.00,0.000,,,0.00000,0.00000,60.0,
,E07,HEX,,Unkn,,,25.49,25.49,0.000,,,,0.00000,60.0,
,E08,HEX,,Unkn,,,,0.00,0.000,,,0.00000,0.00000,60.0,
,E09,HEX,,Unkn,,,25.66,25.66,0.000,,,,0.00000,60.0,
,E10,HEX,,Unkn,,,,0.00,0.000,,,0.00000,0.00000,60.0,
,E11,HEX,,Unkn,,,25.16,25.16,0.000,,,,0.00000,60.0,
,E12,HEX,,Unkn,,,,0.00,0.000,,,0.00000,0.00000,60.0,
,E13,HEX,,Unkn,,,25.05,25.05,0.000,,,,0.00000,60.0,
,E14,HEX,,Unkn,,,,0.00,0.000,,,0.00000,0.00000,60.0,
,E15,HEX,,Unkn,,,25.13,25.13,0.000,,,,0.00000,60.0,
,E16,HEX,,Unkn,,,,0.00,0.000,,,0.00000,0.00000,60.0,
,E17,HEX,,Unkn,,,24.74,24.74,0.000,,,,0.00000,60.0,
,E18,HEX,,Unkn,,,,0.00,0.000,,,0.00000,0.00000,60.0,
,E19,HEX,,Unkn,,,,0.00,0.000,,,0.00000,0.00000,60.0,
,E20,HEX,,Unkn,,,,0.00,0.000,,,0.00000,0.00000,60.0,
,E21,HEX,,Unkn,,,,0.00,0.000,,,0.00000,0.00000,60.0,
,E22,HEX,,Unkn,,,,0.00,0.000,,,0.00000,0.00000,60.0,
,E23,HEX,,Unkn,,,,0.00,0.000,,,0.00000,0.00000,60.0,
,E24,HEX,,Unkn,,,,0.00,0.000,,,0.00000,0.00000,60.0,
,F01,HEX,,Unkn,,,24.82,24.82,0.000,,,,0.00000,60.0,
,F02,HEX,,Unkn,,,,0.00,0.000,,,0.00000,0.00000,60.0,
,F03,HEX,,Unkn,,,24.93,24.93,0.000,,,,0.00000,60.0,
,F04,HEX,,Unkn,,,,0.00,0.000,,,0.00000,0.00000,60.0,
,F05,HEX,,Unkn,,,24.32,24.32,0.000,,,,0.00000,60.0,
,F06,HEX,,Unkn,,,,0.00,0.000,,,0.00000,0.00000,60.0,
,F07,HEX,,Unkn,,,25.45,25.45,0.000,,,,0.00000,60.0,
,F08,HEX,,Unkn,,,,0.00,0.000,,,0.00000,0.00000,60.0,
,F09,HEX,,Unkn,,,25.79,25.79,0.000,,,,0.00000,60.0,
,F10,HEX,,Unkn,,,,0.00,0.000,,,0.00000,0.00000,60.0,
,F11,HEX,,Unkn,,,25.26,25.26,0.000,,,,0.00000,60.0,
,F12,HEX,,Unkn,,,,0.00,0.000,,,0.00000,0.00000,60.0,
,F13,HEX,,Unkn,,,25.08,25.08,0.000,,,,0.00000,60.0,
,F14,HEX,,Unkn,,,,0.00,0.000,,,0.00000,0.00000,60.0,
,F15,HEX,,Unkn,,,25.08,25.08,0.000,,,,0.00000,60.0,
,F16,HEX,,Unkn,,,,0.00,0.000,,,0.00000,0.00000,60.0,
,F17,HEX,,Unkn,,,24.90,24.90,0.000,,,,0.00000,60.0,
,F18,HEX,,Unkn,,,,0.00,0.000,,,0.00000,0.00000,60.0,
,F19,HEX,,Unkn,,,,0.00,0.000,,,0.00000,0.00000,60.0,
,F20,HEX,,Unkn,,,,0.00,0.000,,,0.00000,0.00000,60.0,
,F21,HEX,,Unkn,,,,0.00,0.000,,,0.00000,0.00000,60.0,
,F22,HEX,,Unkn,,,,0.00,0.000,,,0.00000,0.00000,60.0,
,F23,HEX,,Unkn,,,,0.00,0.000,,,0.00000,0.00000,60.0,
,F24,HEX,,Unkn,,,,0.00,0.000,,,0.00000,0.00000,60.0,
,G01,HEX,,Unkn,,,25.43,25.43,0.000,,,,0.00000,60.0,
,G02,HEX,,Unkn,,,,0.00,0.000,,,0.00000,0.00000,60.0,
,G03,HEX,,Unkn,,,25.80,25.80,0.000,,,,0.00000,60.0,
,G04,HEX,,Unkn,,,,0.00,0.000,,,0.00000,0.00000,60.0,
,G05,HEX,,Unkn,,,25.93,25.93,0.000,,,,0.00000,60.0,
,G06,HEX,,Unkn,,,,0.00,0.000,,,0.00000,0.00000,60.0,
,G07,HEX,,Unkn,,,26.17,26.17,0.000,,,,0.00000,60.0,
,G08,HEX,,Unkn,,,,0.00,0.000,,,0.00000,0.00000,60.0,
,G09,HEX,,Unkn,,,26.55,26.55,0.000,,,,0.00000,60.0,
,G10,HEX,,Unkn,,,,0.00,0.000,,,0.00000,0.00000,60.0,
,G11,HEX,,Unkn,,,26.78,26.78,0.000,,,,0.00000,60.0,
,G12,HEX,,Unkn,,,,0.00,0.000,,,0.00000,0.00000,60.0,
,G13,HEX,,Unkn,,,26.24,26.24,0.000,,,,0.00000,60.0,
,G14,HEX,,Unkn,,,,0.00,0.000,,,0.00000,0.00000,60.0,
,G15,HEX,,Unkn,,,26.37,26.37,0.000,,,,0.00000,60.0,
,G16,HEX,,Unkn,,,,0.00,0.000,,,0.00000,0.00000,60.0,
,G17,HEX,,Unkn,,,25.91,25.91,0.000,,,,0.00000,60.0,
,G18,HEX,,Unkn,,,,0.00,0.000,,,0.00000,0.00000,60.0,
,G19,HEX,,Unkn,,,,0.00,0.000,,,0.00000,0.00000,60.0,
,G20,HEX,,Unkn,,,,0.00,0.000,,,0.00000,0.00000,60.0,
,G21,HEX,,Unkn,,,,0.00,0.000,,,0.00000,0.00000,60.0,
,G22,HEX,,Unkn,,,,0.00,0.000,,,0.00000,0.00000,60.0,
,G23,HEX,,Unkn,,,,0.00,0.000,,,0.00000,0.00000,60.0,
,G24,HEX,,Unkn,,,,0.00,0.000,,,0.00000,0.00000,60.0,
,H01,HEX,,Unkn,,,25.55,25.55,0.000,,,,0.00000,60.0,
,H02,HEX,,Unkn,,,,0.00,0.000,,,0.00000,0.00000,60.0,
,H03,HEX,,Unkn,,,25.75,25.75,0.000,,,,0.00000,60.0,
,H04,HEX,,Unkn,,,,0.00,0.000,,,0.00000,0.00000,60.0,
,H05,HEX,,Unkn,,,25.98,25.98,0.000,,,,0.00000,60.0,
,H06,HEX,,Unkn,,,,0.00,0.000,,,0.00000,0.00000,60.0,
,H07,HEX,,Unkn,,,26.20,26.20,0.000,,,,0.00000,60.0,
,H08,HEX,,Unkn,,,,0.00,0.000,,,0.00000,0.00000,60.0,
,H09,HEX,,Unkn,,,26.61,26.61,0.000,,,,0.00000,60.0,
,H10,HEX,,Unkn,,,,0.00,0.000,,,0.00000,0.00000,60.0,
,H11,HEX,,Unkn,,,27.21,27.21,0.000,,,,0.00000,60.0,
,H12,HEX,,Unkn,,,,0.00,0.000,,,0.00000,0.00000,60.0,
,H13,HEX,,Unkn,,,26.28,26.28,0.000,,,,0.00000,60.0,
,H14,HEX,,Unkn,,,,0.00,0.000,,,0.00000,0.00000,60.0,
,H15,HEX,,Unkn,,,26.55,26.55,0.000,,,,0.00000,60.0,
,H16,HEX,,Unkn,,,,0.00,0.000,,,0.00000,0.00000,60.0,
,H17,HEX,,Unkn,,,26.04,26.04,0.000,,,,0.00000,60.0,
,H18,HEX,,Unkn,,,,0.00,0.000,,,0.00000,0.00000,60.0,
,H19,HEX,,Unkn,,,,0.00,0.000,,,0.00000,0.00000,60.0,
,H20,HEX,,Unkn,,,,0.00,0.000,,,0.00000,0.00000,60.0,
,H21,HEX,,Unkn,,,,0.00,0.000,,,0.00000,0.00000,60.0,
,H22,HEX,,Unkn,,,,0.00,0.000,,,0.00000,0.00000,60.0,
,H23,HEX,,Unkn,,,,0.00,0.000,,,0.00000,0.00000,60.0,
,H24,HEX,,Unkn,,,,0.00,0.000,,,0.00000,0.00000,60.0,
,I01,HEX,,Unkn,,,25.40,25.40,0.000,,,,0.00000,60.0,
,I02,HEX,,Unkn,,,,0.00,0.000,,,0.00000,0.00000,60.0,
,I03,HEX,,Unkn,,,25.83,25.83,0.000,,,,0.00000,60.0,
,I04,HEX,,Unkn,,,,0.00,0.000,,,0.00000,0.00000,60.0,
,I05,HEX,,Unkn,,,26.01,26.01,0.000,,,,0.00000,60.0,
,I06,HEX,,Unkn,,,,0.00,0.000,,,0.00000,0.00000,60.0,
,I07,HEX,,Unkn,,,26.17,26.17,0.000,,,,0.00000,60.0,
,I08,HEX,,Unkn,,,,0.00,0.000,,,0.00000,0.00000,60.0,
,I09,HEX,,Unkn,,,26.85,26.85,0.000,,,,0.00000,60.0,
,I10,HEX,,Unkn,,,,0.00,0.000,,,0.00000,0.00000,60.0,
,I11,HEX,,Unkn,,,26.81,26.81,0.000,,,,0.00000,60.0,
,I12,HEX,,Unkn,,,,0.00,0.000,,,0.00000,0.00000,60.0,
,I13,HEX,,Unkn,,,26.12,26.12,0.000,,,,0.00000,60.0,
,I14,HEX,,Unkn,,,,0.00,0.000,,,0.00000,0.00000,60.0,
,I15,HEX,,Unkn,,,26.59,26.59,0.000,,,,0.00000,60.0,
,I16,HEX,,Unkn,,,,0.00,0.000,,,0.00000,0.00000,60.0,
,I17,HEX,,Unkn,,,26.16,26.16,0.000,,,,0.00000,60.0,
,I18,HEX,,Unkn,,,,0.00,0.000,,,0.00000,0.00000,60.0,
,I19,HEX,,Unkn,,,,0.00,0.000,,,0.00000,0.00000,60.0,
,I20,HEX,,Unkn,,,,0.00,0.000,,,0.00000,0.00000,60.0,
,I21,HEX,,Unkn,,,,0.00,0.000,,,0.00000,0.00000,60.0,
,I22,HEX,,Unkn,,,,0.00,0.000,,,0.00000,0.00000,60.0,
,I23,HEX,,Unkn,,,,0.00,0.000,,,0.00000,0.00000,60.0,
,I24,HEX,,Unkn,,,,0.00,0.000,,,0.00000,0.00000,60.0,
,J01,HEX,,Unkn,,,25.01,25.01,0.000,,,,0.00000,60.0,
,J02,HEX,,Unkn,,,,0.00,0.000,,,0.00000,0.00000,60.0,
,J03,HEX,,Unkn,,,25.39,25.39,0.000,,,,0.00000,60.0,
,J04,HEX,,Unkn,,,,0.00,0.000,,,0.00000,0.00000,60.0,
,J05,HEX,,Unkn,,,25.23,25.23,0.000,,,,0.00000,60.0,
,J06,HEX,,Unkn,,,,0.00,0.000,,,0.00000,0.00000,60.0,
,J07,HEX,,Unkn,,,25.76,25.76,0.000,,,,0.00000,60.0,
,J08,HEX,,Unkn,,,,0.00,0.000,,,0.00000,0.00000,60.0,
,J09,HEX,,Unkn,,,26.04,26.04,0.000,,,,0.00000,60.0,
,J10,HEX,,Unkn,,,,0.00,0.000,,,0.00000,0.00000,60.0,
,J11,HEX,,Unkn,,,26.02,26.02,0.000,,,,0.00000,60.0,
,J12,HEX,,Unkn,,,,0.00,0.000,,,0.00000,0.00000,60.0,
,J13,HEX,,Unkn,,,25.71,25.71,0.000,,,,0.00000,60.0,
,J14,HEX,,Unkn,,,,0.00,0.000,,,0.00000,0.00000,60.0,
,J15,HEX,,Unkn,,,25.83,25.83,0.000,,,,0.00000,60.0,
,J16,HEX,,Unkn,,,,0.00,0.000,,,0.00000,0.00000,60.0,
,J17,HEX,,Unkn,,,26.03,26.03,0.000,,,,0.00000,60.0,
,J18,HEX,,Unkn,,,,0.00,0.000,,,0.00000,0.00000,60.0,
,J19,HEX,,Unkn,,,,0.00,0.000,,,0.00000,0.00000,60.0,
,J20,HEX,,Unkn,,,,0.00,0.000,,,0.00000,0.00000,60.0,
,J21,HEX,,Unkn,,,,0.00,0.000,,,0.00000,0.00000,60.0,
,J22,HEX,,Unkn,,,,0.00,0.000,,,0.00000,0.00000,60.0,
,J23,HEX,,Unkn,,,,0.00,0.000,,,0.00000,0.00000,60.0,
,J24,HEX,,Unkn,,,,0.00,0.000,,,0.00000,0.00000,60.0,
,K01,HEX,,Unkn,,,24.97,24.97,0.000,,,,0.00000,60.0,
,K02,HEX,,Unkn,,,,0.00,0.000,,,0.00000,0.00000,60.0,
,K03,HEX,,Unkn,,,25.51,25.51,0.000,,,,0.00000,60.0,
,K04,HEX,,Unkn,,,,0.00,0.000,,,0.00000,0.00000,60.0,
,K05,HEX,,Unkn,,,25.14,25.14,0.000,,,,0.00000,60.0,
,K06,HEX,,Unkn,,,,0.00,0.000,,,0.00000,0.00000,60.0,
,K07,HEX,,Unkn,,,26.28,26.28,0.000,,,,0.00000,60.0,
,K08,HEX,,Unkn,,,,0.00,0.000,,,0.00000,0.00000,60.0,
,K09,HEX,,Unkn,,,26.49,26.49,0.000,,,,0.00000,60.0,
,K10,HEX,,Unkn,,,,0.00,0.000,,,0.00000,0.00000,60.0,
,K11,HEX,,Unkn,,,26.39,26.39,0.000,,,,0.00000,60.0,
,K12,HEX,,Unkn,,,,0.00,0.000,,,0.00000,0.00000,60.0,
,K13,HEX,,Unkn,,,25.98,25.98,0.000,,,,0.00000,60.0,
,K14,HEX,,Unkn,,,,0.00,0.000,,,0.00000,0.00000,60.0,
,K15,HEX,,Unkn,,,25.91,25.91,0.000,,,,0.00000,60.0,
,K16,HEX,,Unkn,,,,0.00,0.000,,,0.00000,0.00000,60.0,
,K17,HEX,,Unkn,,,25.85,25.85,0.000,,,,0.00000,60.0,
,K18,HEX,,Unkn,,,,0.00,0.000,,,0.00000,0.00000,60.0,
,K19,HEX,,Unkn,,,,0.00,0.000,,,0.00000,0.00000,60.0,
,K20,HEX,,Unkn,,,,0.00,0.000,,,0.00000,0.00000,60.0,
,K21,HEX,,Unkn,,,,0.00,0.000,,,0.00000,0.00000,60.0,
,K22,HEX,,Unkn,,,,0.00,0.000,,,0.00000,0.00000,60.0,
,K23,HEX,,Unkn,,,,0.00,0.000,,,0.00000,0.00000,60.0,
,K24,HEX,,Unkn,,,,0.00,0.000,,,0.00000,0.00000,60.0,
,L01,HEX,,Unkn,,,,0.00,0.000,,,0.00000,0.00000,60.0,
,L02,HEX,,Unkn,,,,0.00,0.000,,,0.00000,0.00000,60.0,
,L03,HEX,,Unkn,,,25.51,25.51,0.000,,,,0.00000,60.0,
,L04,HEX,,Unkn,,,,0.00,0.000,,,0.00000,0.00000,60.0,
,L05,HEX,,Unkn,,,25.51,25.51,0.000,,,,0.00000,60.0,
,L06,HEX,,Unkn,,,,0.00,0.000,,,0.00000,0.00000,60.0,
,L07,HEX,,Unkn,,,26.09,26.09,0.000,,,,0.00000,60.0,
,L08,HEX,,Unkn,,,,0.00,0.000,,,0.00000,0.00000,60.0,
,L09,HEX,,Unkn,,,26.65,26.65,0.000,,,,0.00000,60.0,
,L10,HEX,,Unkn,,,,0.00,0.000,,,0.00000,0.00000,60.0,
,L11,HEX,,Unkn,,,26.23,26.23,0.000,,,,0.00000,60.0,
,L12,HEX,,Unkn,,,,0.00,0.000,,,0.00000,0.00000,60.0,
,L13,HEX,,Unkn,,,26.17,26.17,0.000,,,,0.00000,60.0,
,L14,HEX,,Unkn,,,,0.00,0.000,,,0.00000,0.00000,60.0,
,L15,HEX,,Unkn,,,26.24,26.24,0.000,,,,0.00000,60.0,
,L16,HEX,,Unkn,,,,0.00,0.000,,,0.00000,0.00000,60.0,
,L17,HEX,,Unkn,,,26.14,26.14,0.000,,,,0.00000,60.0,
,L18,HEX,,Unkn,,,,0.00,0.000,,,0.00000,0.00000,60.0,
,L19,HEX,,Unkn,,,,0.00,0.000,,,0.00000,0.00000,60.0,
,L20,HEX,,Unkn,,,,0.00,0.000,,,0.00000,0.00000,60.0,
,L21,HEX,,Unkn,,,,0.00,0.000,,,0.00000,0.00000,60.0,
,L22,HEX,,Unkn,,,,0.00,0.000,,,0.00000,0.00000,60.0,
,L23,HEX,,Unkn,,,,0.00,0.000,,,0.00000,0.00000,60.0,
,L24,HEX,,Unkn,,,,0.00,0.000,,,0.00000,0.00000,60.0,
,M01,HEX,,Unkn,,,,0.00,0.000,,,0.00000,0.00000,60.0,
,M02,HEX,,Unkn,,,,0.00,0.000,,,0.00000,0.00000,60.0,
,M03,HEX,,Unkn,,,,0.00,0.000,,,0.00000,0.00000,60.0,
,M04,HEX,,Unkn,,,,0.00,0.000,,,0.00000,0.00000,60.0,
,M05,HEX,,Unkn,,,,0.00,0.000,,,0.00000,0.00000,60.0,
,M06,HEX,,Unkn,,,,0.00,0.000,,,0.00000,0.00000,60.0,
,M07,HEX,,Unkn,,,,0.00,0.000,,,0.00000,0.00000,60.0,
,M08,HEX,,Unkn,,,,0.00,0.000,,,0.00000,0.00000,60.0,
,M09,HEX,,Unkn,,,,0.00,0.000,,,0.00000,0.00000,60.0,
,M10,HEX,,Unkn,,,,0.00,0.000,,,0.00000,0.00000,60.0,
,M11,HEX,,Unkn,,,,0.00,0.000,,,0.00000,0.00000,60.0,
,M12,HEX,,Unkn,,,,0.00,0.000,,,0.00000,0.00000,60.0,
,M13,HEX,,Unkn,,,,0.00,0.000,,,0.00000,0.00000,60.0,
,M14,HEX,,Unkn,,,,0.00,0.000,,,0.00000,0.00000,60.0,
,M15,HEX,,Unkn,,,,0.00,0.000,,,0.00000,0.00000,60.0,
,M16,HEX,,Unkn,,,,0.00,0.000,,,0.00000,0.00000,60.0,
,M17,HEX,,Unkn,,,,0.00,0.000,,,0.00000,0.00000,60.0,
,M18,HEX,,Unkn,,,,0.00,0.000,,,0.00000,0.00000,60.0,
,M19,HEX,,Unkn,,,,0.00,0.000,,,0.00000,0.00000,60.0,
,M20,HEX,,Unkn,,,,0.00,0.000,,,0.00000,0.00000,60.0,
,M21,HEX,,Unkn,,,,0.00,0.000,,,0.00000,0.00000,60.0,
,M22,HEX,,Unkn,,,,0.00,0.000,,,0.00000,0.00000,60.0,
,M23,HEX,,Unkn,,,,0.00,0.000,,,0.00000,0.00000,60.0,
,M24,HEX,,Unkn,,,,0.00,0.000,,,0.00000,0.00000,60.0,
,N01,HEX,,Unkn,,,,0.00,0.000,,,0.00000,0.00000,60.0,
,N02,HEX,,Unkn,,,,0.00,0.000,,,0.00000,0.00000,60.0,
,N03,HEX,,Unkn,,,,0.00,0.000,,,0.00000,0.00000,60.0,
,N04,HEX,,Unkn,,,,0.00,0.000,,,0.00000,0.00000,60.0,
,N05,HEX,,Unkn,,,,0.00,0.000,,,0.00000,0.00000,60.0,
,N06,HEX,,Unkn,,,,0.00,0.000,,,0.00000,0.00000,60.0,
,N07,HEX,,Unkn,,,,0.00,0.000,,,0.00000,0.00000,60.0,
,N08,HEX,,Unkn,,,,0.00,0.000,,,0.00000,0.00000,60.0,
,N09,HEX,,Unkn,,,,0.00,0.000,,,0.00000,0.00000,60.0,
,N10,HEX,,Unkn,,,,0.00,0.000,,,0.00000,0.00000,60.0,
,N11,HEX,,Unkn,,,,0.00,0.000,,,0.00000,0.00000,60.0,
,N12,HEX,,Unkn,,,,0.00,0.000,,,0.00000,0.00000,60.0,
,N13,HEX,,Unkn,,,,0.00,0.000,,,0.00000,0.00000,60.0,
,N14,HEX,,Unkn,,,,0.00,0.000,,,0.00000,0.00000,60.0,
,N15,HEX,,Unkn,,,,0.00,0.000,,,0.00000,0.00000,60.0,
,N16,HEX,,Unkn,,,,0.00,0.000,,,0.00000,0.00000,60.0,
,N17,HEX,,Unkn,,,,0.00,0.000,,,0.00000,0.00000,60.0,
,N18,HEX,,Unkn,,,,0.00,0.000,,,0.00000,0.00000,60.0,
,N19,HEX,,Unkn,,,,0.00,0.000,,,0.00000,0.00000,60.0,
,N20,HEX,,Unkn,,,,0.00,0.000,,,0.00000,0.00000,60.0,
,N21,HEX,,Unkn,,,,0.00,0.000,,,0.00000,0.00000,60.0,
,N22,HEX,,Unkn,,,,0.00,0.000,,,0.00000,0.00000,60.0,
,N23,HEX,,Unkn,,,,0.00,0.000,,,0.00000,0.00000,60.0,
,N24,HEX,,Unkn,,,,0.00,0.000,,,0.00000,0.00000,60.0,
,O01,HEX,,Unkn,,,,0.00,0.000,,,0.00000,0.00000,60.0,
,O02,HEX,,Unkn,,,,0.00,0.000,,,0.00000,0.00000,60.0,
,O03,HEX,,Unkn,,,,0.00,0.000,,,0.00000,0.00000,60.0,
,O04,HEX,,Unkn,,,,0.00,0.000,,,0.00000,0.00000,60.0,
,O05,HEX,,Unkn,,,,0.00,0.000,,,0.00000,0.00000,60.0,
,O06,HEX,,Unkn,,,,0.00,0.000,,,0.00000,0.00000,60.0,
,O07,HEX,,Unkn,,,,0.00,0.000,,,0.00000,0.00000,60.0,
,O08,HEX,,Unkn,,,,0.00,0.000,,,0.00000,0.00000,60.0,
,O09,HEX,,Unkn,,,,0.00,0.000,,,0.00000,0.00000,60.0,
,O10,HEX,,Unkn,,,,0.00,0.000,,,0.00000,0.00000,60.0,
,O11,HEX,,Unkn,,,,0.00,0.000,,,0.00000,0.00000,60.0,
,O12,HEX,,Unkn,,,,0.00,0.000,,,0.00000,0.00000,60.0,
,O13,HEX,,Unkn,,,,0.00,0.000,,,0.00000,0.00000,60.0,
,O14,HEX,,Unkn,,,,0.00,0.000,,,0.00000,0.00000,60.0,
,O15,HEX,,Unkn,,,,0.00,0.000,,,0.00000,0.00000,60.0,
,O16,HEX,,Unkn,,,,0.00,0.000,,,0.00000,0.00000,60.0,
,O17,HEX,,Unkn,,,,0.00,0.000,,,0.00000,0.00000,60.0,
,O18,HEX,,Unkn,,,,0.00,0.000,,,0.00000,0.00000,60.0,
,O19,HEX,,Unkn,,,,0.00,0.000,,,0.00000,0.00000,60.0,
,O20,HEX,,Unkn,,,,0.00,0.000,,,0.00000,0.00000,60.0,
,O21,HEX,,Unkn,,,,0.00,0.000,,,0.00000,0.00000,60.0,
,O22,HEX,,Unkn,,,,0.00,0.000,,,0.00000,0.00000,60.0,
,O23,HEX,,Unkn,,,,0.00,0.000,,,0.00000,0.00000,60.0,
,O24,HEX,,Unkn,,,,0.00,0.000,,,0.00000,0.00000,60.0,
,P01,HEX,,Unkn,,,,0.00,0.000,,,0.00000,0.00000,60.0,
,P02,HEX,,Unkn,,,,0.00,0.000,,,0.00000,0.00000,60.0,
,P03,HEX,,Unkn,,,,0.00,0.000,,,0.00000,0.00000,60.0,
,P04,HEX,,Unkn,,,,0.00,0.000,,,0.00000,0.00000,60.0,
,P05,HEX,,Unkn,,,,0.00,0.000,,,0.00000,0.00000,60.0,
,P06,HEX,,Unkn,,,,0.00,0.000,,,0.00000,0.00000,60.0,
,P07,HEX,,Unkn,,,,0.00,0.000,,,0.00000,0.00000,60.0,
,P08,HEX,,Unkn,,,,0.00,0.000,,,0.00000,0.00000,60.0,
,P09,HEX,,Unkn,,,,0.00,0.000,,,0.00000,0.00000,60.0,
,P10,HEX,,Unkn,,,,0.00,0.000,,,0.00000,0.00000,60.0,
,P11,HEX,,Unkn,,,,0.00,0.000,,,0.00000,0.00000,60.0,
,P12,HEX,,Unkn,,,,0.00,0.000,,,0.00000,0.00000,60.0,
,P13,HEX,,Unkn,,,,0.00,0.000,,,0.00000,0.00000,60.0,
,P14,HEX,,Unkn,,,,0.00,0.000,,,0.00000,0.00000,60.0,
,P15,HEX,,Unkn,,,,0.00,0.000,,,0.00000,0.00000,60.0,
,P16,HEX,,Unkn,,,,0.00,0.000,,,0.00000,0.00000,60.0,
,P17,HEX,,Unkn,,,,0.00,0.000,,,0.00000,0.00000,60.0,
,P18,HEX,,Unkn,,,,0.00,0.000,,,0.00000,0.00000,60.0,
,P19,HEX,,Unkn,,,,0.00,0.000,,,0.00000,0.00000,60.0,
,P20,HEX,,Unkn,,,,0.00,0.000,,,0.00000,0.00000,60.0,
,P21,HEX,,Unkn,,,,0.00,0.000,,,0.00000,0.00000,60.0,
,P22,HEX,,Unkn,,,,0.00,0.000,,,0.00000,0.00000,60.0,
,P23,HEX,,Unkn,,,,0.00,0.000,,,0.00000,0.00000,60.0,
,P24,HEX,,Unkn,,,,0.00,0.000,,,0.00000,0.00000,60.0,
,A01,Texas Red,,Unkn,,,5.83,5.83,0.000,,,,0.00000,60.0,
,A02,Texas Red,,Unkn,,,,0.00,0.000,,,0.00000,0.00000,60.0,
,A03,Texas Red,,Unkn,,,2.97,2.97,0.000,,,,0.00000,60.0,
,A04,Texas Red,,Unkn,,,,0.00,0.000,,,0.00000,0.00000,60.0,
,A05,Texas Red,,Unkn,,,31.92,31.92,0.000,,,,0.00000,60.0,
,A06,Texas Red,,Unkn,,,24.92,24.92,0.000,,,,0.00000,60.0,
,A07,Texas Red,,Unkn,,,,0.00,0.000,,,0.00000,0.00000,60.0,
,A08,Texas Red,,Unkn,,,15.82,15.82,0.000,,,,0.00000,60.0,
,A09,Texas Red,,Unkn,,,,0.00,0.000,,,0.00000,0.00000,60.0,
,A10,Texas Red,,Unkn,,,,0.00,0.000,,,0.00000,0.00000,60.0,
,A11,Texas Red,,Unkn,,,,0.00,0.000,,,0.00000,0.00000,60.0,
,A12,Texas Red,,Unkn,,,,0.00,0.000,,,0.00000,0.00000,60.0,
,A13,Texas Red,,Unkn,,,,0.00,0.000,,,0.00000,0.00000,60.0,
,A14,Texas Red,,Unkn,,,,0.00,0.000,,,0.00000,0.00000,60.0,
,A15,Texas Red,,Unkn,,,,0.00,0.000,,,0.00000,0.00000,60.0,
,A16,Texas Red,,Unkn,,,,0.00,0.000,,,0.00000,0.00000,60.0,
,A17,Texas Red,,Unkn,,,21.95,21.95,0.000,,,,0.00000,60.0,
,A18,Texas Red,,Unkn,,,21.96,21.96,0.000,,,,0.00000,60.0,
,A19,Texas Red,,Unkn,,,22.48,22.48,0.000,,,,0.00000,60.0,
,A20,Texas Red,,Unkn,,,21.36,21.36,0.000,,,,0.00000,60.0,
,A21,Texas Red,,Unkn,,,28.78,28.78,0.000,,,,0.00000,60.0,
,A22,Texas Red,,Unkn,,,15.91,15.91,0.000,,,,0.00000,60.0,
,A23,Texas Red,,Unkn,,,,0.00,0.000,,,0.00000,0.00000,60.0,
,A24,Texas Red,,Unkn,,,,0.00,0.000,,,0.00000,0.00000,60.0,
,B01,Texas Red,,Unkn,,,,0.00,0.000,,,0.00000,0.00000,60.0,
,B02,Texas Red,,Unkn,,,,0.00,0.000,,,0.00000,0.00000,60.0,
,B03,Texas Red,,Unkn,,,,0.00,0.000,,,0.00000,0.00000,60.0,
,B04,Texas Red,,Unkn,,,22.00,22.00,0.000,,,,0.00000,60.0,
,B05,Texas Red,,Unkn,,,,0.00,0.000,,,0.00000,0.00000,60.0,
,B06,Texas Red,,Unkn,,,,0.00,0.000,,,0.00000,0.00000,60.0,
,B07,Texas Red,,Unkn,,,,0.00,0.000,,,0.00000,0.00000,60.0,
,B08,Texas Red,,Unkn,,,,0.00,0.000,,,0.00000,0.00000,60.0,
,B09,Texas Red,,Unkn,,,21.92,21.92,0.000,,,,0.00000,60.0,
,B10,Texas Red,,Unkn,,,,0.00,0.000,,,0.00000,0.00000,60.0,
,B11,Texas Red,,Unkn,,,,0.00,0.000,,,0.00000,0.00000,60.0,
,B12,Texas Red,,Unkn,,,,0.00,0.000,,,0.00000,0.00000,60.0,
,B13,Texas Red,,Unkn,,,,0.00,0.000,,,0.00000,0.00000,60.0,
,B14,Texas Red,,Unkn,,,,0.00,0.000,,,0.00000,0.00000,60.0,
,B15,Texas Red,,Unkn,,,,0.00,0.000,,,0.00000,0.00000,60.0,
,B16,Texas Red,,Unkn,,,,0.00,0.000,,,0.00000,0.00000,60.0,
,B17,Texas Red,,Unkn,,,,0.00,0.000,,,0.00000,0.00000,60.0,
,B18,Texas Red,,Unkn,,,,0.00,0.000,,,0.00000,0.00000,60.0,
,B19,Texas Red,,Unkn,,,8.93,8.93,0.000,,,,0.00000,60.0,
,B20,Texas Red,,Unkn,,,10.85,10.85,0.000,,,,0.00000,60.0,
,B21,Texas Red,,Unkn,,,11.33,11.33,0.000,,,,0.00000,60.0,
,B22,Texas Red,,Unkn,,,,0.00,0.000,,,0.00000,0.00000,60.0,
,B23,Texas Red,,Unkn,,,,0.00,0.000,,,0.00000,0.00000,60.0,
,B24,Texas Red,,Unkn,,,,0.00,0.000,,,0.00000,0.00000,60.0,
,C01,Texas Red,,Unkn,,,,0.00,0.000,,,0.00000,0.00000,60.0,
,C02,Texas Red,,Unkn,,,,0.00,0.000,,,0.00000,0.00000,60.0,
,C03,Texas Red,,Unkn,,,,0.00,0.000,,,0.00000,0.00000,60.0,
,C04,Texas Red,,Unkn,,,,0.00,0.000,,,0.00000,0.00000,60.0,
,C05,Texas Red,,Unkn,,,,0.00,0.000,,,0.00000,0.00000,60.0,
,C06,Texas Red,,Unkn,,,,0.00,0.000,,,0.00000,0.00000,60.0,
,C07,Texas Red,,Unkn,,,18.92,18.92,0.000,,,,0.00000,60.0,
,C08,Texas Red,,Unkn,,,,0.00,0.000,,,0.00000,0.00000,60.0,
,C09,Texas Red,,Unkn,,,10.89,10.89,0.000,,,,0.00000,60.0,
,C10,Texas Red,,Unkn,,,,0.00,0.000,,,0.00000,0.00000,60.0,
,C11,Texas Red,,Unkn,,,16.76,16.76,0.000,,,,0.00000,60.0,
,C12,Texas Red,,Unkn,,,20.99,20.99,0.000,,,,0.00000,60.0,
,C13,Texas Red,,Unkn,,,,0.00,0.000,,,0.00000,0.00000,60.0,
,C14,Texas Red,,Unkn,,,16.76,16.76,0.000,,,,0.00000,60.0,
,C15,Texas Red,,Unkn,,,,0.00,0.000,,,0.00000,0.00000,60.0,
,C16,Texas Red,,Unkn,,,,0.00,0.000,,,0.00000,0.00000,60.0,
,C17,Texas Red,,Unkn,,,,0.00,0.000,,,0.00000,0.00000,60.0,
,C18,Texas Red,,Unkn,,,11.78,11.78,0.000,,,,0.00000,60.0,
,C19,Texas Red,,Unkn,,,,0.00,0.000,,,0.00000,0.00000,60.0,
,C20,Texas Red,,Unkn,,,,0.00,0.000,,,0.00000,0.00000,60.0,
,C21,Texas Red,,Unkn,,,23.96,23.96,0.000,,,,0.00000,60.0,
,C22,Texas Red,,Unkn,,,,0.00,0.000,,,0.00000,0.00000,60.0,
,C23,Texas Red,,Unkn,,,,0.00,0.000,,,0.00000,0.00000,60.0,
,C24,Texas Red,,Unkn,,,,0.00,0.000,,,0.00000,0.00000,60.0,
,D01,Texas Red,,Unkn,,,22.98,22.98,0.000,,,,0.00000,60.0,
,D02,Texas Red,,Unkn,,,,0.00,0.000,,,0.00000,0.00000,60.0,
,D03,Texas Red,,Unkn,,,,0.00,0.000,,,0.00000,0.00000,60.0,
,D04,Texas Red,,Unkn,,,,0.00,0.000,,,0.00000,0.00000,60.0,
,D05,Texas Red,,Unkn,,,23.80,23.80,0.000,,,,0.00000,60.0,
,D06,Texas Red,,Unkn,,,18.87,18.87,0.000,,,,0.00000,60.0,
,D07,Texas Red,,Unkn,,,24.66,24.66,0.000,,,,0.00000,60.0,
,D08,Texas Red,,Unkn,,,,0.00,0.000,,,0.00000,0.00000,60.0,
,D09,Texas Red,,Unkn,,,23.71,23.71,0.000,,,,0.00000,60.0,
,D10,Texas Red,,Unkn,,,,0.00,0.000,,,0.00000,0.00000,60.0,
,D11,Texas Red,,Unkn,,,19.76,19.76,0.000,,,,0.00000,60.0,
,D12,Texas Red,,Unkn,,,,0.00,0.000,,,0.00000,0.00000,60.0,
,D13,Texas Red,,Unkn,,,19.89,19.89,0.000,,,,0.00000,60.0,
,D14,Texas Red,,Unkn,,,,0.00,0.000,,,0.00000,0.00000,60.0,
,D15,Texas Red,,Unkn,,,22.87,22.87,0.000,,,,0.00000,60.0,
,D16,Texas Red,,Unkn,,,,0.00,0.000,,,0.00000,0.00000,60.0,
,D17,Texas Red,,Unkn,,,15.39,15.39,0.000,,,,0.00000,60.0,
,D18,Texas Red,,Unkn,,,,0.00,0.000,,,0.00000,0.00000,60.0,
,D19,Texas Red,,Unkn,,,,0.00,0.000,,,0.00000,0.00000,60.0,
,D20,Texas Red,,Unkn,,,,0.00,0.000,,,0.00000,0.00000,60.0,
,D21,Texas Red,,Unkn,,,,0.00,0.000,,,0.00000,0.00000,60.0,
,D22,Texas Red,,Unkn,,,,0.00,0.000,,,0.00000,0.00000,60.0,
,D23,Texas Red,,Unkn,,,,0.00,0.000,,,0.00000,0.00000,60.0,
,D24,Texas Red,,Unkn,,,,0.00,0.000,,,0.00000,0.00000,60.0,
,E01,Texas Red,,Unkn,,,,0.00,0.000,,,0.00000,0.00000,60.0,
,E02,Texas Red,,Unkn,,,,0.00,0.000,,,0.00000,0.00000,60.0,
,E03,Texas Red,,Unkn,,,20.78,20.78,0.000,,,,0.00000,60.0,
,E04,Texas Red,,Unkn,,,15.89,15.89,0.000,,,,0.00000,60.0,
,E05,Texas Red,,Unkn,,,15.52,15.52,0.000,,,,0.00000,60.0,
,E06,Texas Red,,Unkn,,,15.88,15.88,0.000,,,,0.00000,60.0,
,E07,Texas Red,,Unkn,,,25.92,25.92,0.000,,,,0.00000,60.0,
,E08,Texas Red,,Unkn,,,,0.00,0.000,,,0.00000,0.00000,60.0,
,E09,Texas Red,,Unkn,,,39.88,39.88,0.000,,,,0.00000,60.0,
,E10,Texas Red,,Unkn,,,17.80,17.80,0.000,,,,0.00000,60.0,
,E11,Texas Red,,Unkn,,,25.66,25.66,0.000,,,,0.00000,60.0,
,E12,Texas Red,,Unkn,,,16.80,16.80,0.000,,,,0.00000,60.0,
,E13,Texas Red,,Unkn,,,,0.00,0.000,,,0.00000,0.00000,60.0,
,E14,Texas Red,,Unkn,,,,0.00,0.000,,,0.00000,0.00000,60.0,
,E15,Texas Red,,Unkn,,,22.42,22.42,0.000,,,,0.00000,60.0,
,E16,Texas Red,,Unkn,,,,0.00,0.000,,,0.00000,0.00000,60.0,
,E17,Texas Red,,Unkn,,,20.73,20.73,0.000,,,,0.00000,60.0,
,E18,Texas Red,,Unkn,,,18.90,18.90,0.000,,,,0.00000,60.0,
,E19,Texas Red,,Unkn,,,,0.00,0.000,,,0.00000,0.00000,60.0,
,E20,Texas Red,,Unkn,,,,0.00,0.000,,,0.00000,0.00000,60.0,
,E21,Texas Red,,Unkn,,,,0.00,0.000,,,0.00000,0.00000,60.0,
,E22,Texas Red,,Unkn,,,,0.00,0.000,,,0.00000,0.00000,60.0,
,E23,Texas Red,,Unkn,,,,0.00,0.000,,,0.00000,0.00000,60.0,
,E24,Texas Red,,Unkn,,,,0.00,0.000,,,0.00000,0.00000,60.0,
,F01,Texas Red,,Unkn,,,,0.00,0.000,,,0.00000,0.00000,60.0,
,F02,Texas Red,,Unkn,,,,0.00,0.000,,,0.00000,0.00000,60.0,
,F03,Texas Red,,Unkn,,,,0.00,0.000,,,0.00000,0.00000,60.0,
,F04,Texas Red,,Unkn,,,10.81,10.81,0.000,,,,0.00000,60.0,
,F05,Texas Red,,Unkn,,,9.86,9.86,0.000,,,,0.00000,60.0,
,F06,Texas Red,,Unkn,,,16.95,16.95,0.000,,,,0.00000,60.0,
,F07,Texas Red,,Unkn,,,23.86,23.86,0.000,,,,0.00000,60.0,
,F08,Texas Red,,Unkn,,,22.88,22.88,0.000,,,,0.00000,60.0,
,F09,Texas Red,,Unkn,,,22.94,22.94,0.000,,,,0.00000,60.0,
,F10,Texas Red,,Unkn,,,,0.00,0.000,,,0.00000,0.00000,60.0,
,F11,Texas Red,,Unkn,,,20.66,20.66,0.000,,,,0.00000,60.0,
,F12,Texas Red,,Unkn,,,,0.00,0.000,,,0.00000,0.00000,60.0,
,F13,Texas Red,,Unkn,,,,0.00,0.000,,,0.00000,0.00000,60.0,
,F14,Texas Red,,Unkn,,,12.91,12.91,0.000,,,,0.00000,60.0,
,F15,Texas Red,,Unkn,,,21.54,21.54,0.000,,,,0.00000,60.0,
,F16,Texas Red,,Unkn,,,30.98,30.98,0.000,,,,0.00000,60.0,
,F17,Texas Red,,Unkn,,,19.39,19.39,0.000,,,,0.00000,60.0,
,F18,Texas Red,,Unkn,,,,0.00,0.000,,,0.00000,0.00000,60.0,
,F19,Texas Red,,Unkn,,,,0.00,0.000,,,0.00000,0.00000,60.0,
,F20,Texas Red,,Unkn,,,,0.00,0.000,,,0.00000,0.00000,60.0,
,F21,Texas Red,,Unkn,,,,0.00,0.000,,,0.00000,0.00000,60.0,
,F22,Texas Red,,Unkn,,,,0.00,0.000,,,0.00000,0.00000,60.0,
,F23,Texas Red,,Unkn,,,,0.00,0.000,,,0.00000,0.00000,60.0,
,F24,Texas Red,,Unkn,,,,0.00,0.000,,,0.00000,0.00000,60.0,
,G01,Texas Red,,Unkn,,,22.95,22.95,0.000,,,,0.00000,60.0,
,G02,Texas Red,,Unkn,,,,0.00,0.000,,,0.00000,0.00000,60.0,
,G03,Texas Red,,Unkn,,,23.95,23.95,0.000,,,,0.00000,60.0,
,G04,Texas Red,,Unkn,,,,0.00,0.000,,,0.00000,0.00000,60.0,
,G05,Texas Red,,Unkn,,,23.49,23.49,0.000,,,,0.00000,60.0,
,G06,Texas Red,,Unkn,,,,0.00,0.000,,,0.00000,0.00000,60.0,
,G07,Texas Red,,Unkn,,,22.83,22.83,0.000,,,,0.00000,60.0,
,G08,Texas Red,,Unkn,,,,0.00,0.000,,,0.00000,0.00000,60.0,
,G09,Texas Red,,Unkn,,,25.57,25.57,0.000,,,,0.00000,60.0,
,G10,Texas Red,,Unkn,,,,0.00,0.000,,,0.00000,0.00000,60.0,
,G11,Texas Red,,Unkn,,,22.03,22.03,0.000,,,,0.00000,60.0,
,G12,Texas Red,,Unkn,,,23.94,23.94,0.000,,,,0.00000,60.0,
,G13,Texas Red,,Unkn,,,21.76,21.76,0.000,,,,0.00000,60.0,
,G14,Texas Red,,Unkn,,,,0.00,0.000,,,0.00000,0.00000,60.0,
,G15,Texas Red,,Unkn,,,24.14,24.14,0.000,,,,0.00000,60.0,
,G16,Texas Red,,Unkn,,,,0.00,0.000,,,0.00000,0.00000,60.0,
,G17,Texas Red,,Unkn,,,25.82,25.82,0.000,,,,0.00000,60.0,
,G18,Texas Red,,Unkn,,,24.78,24.78,0.000,,,,0.00000,60.0,
,G19,Texas Red,,Unkn,,,,0.00,0.000,,,0.00000,0.00000,60.0,
,G20,Texas Red,,Unkn,,,21.76,21.76,0.000,,,,0.00000,60.0,
,G21,Texas Red,,Unkn,,,,0.00,0.000,,,0.00000,0.00000,60.0,
,G22,Texas Red,,Unkn,,,,0.00,0.000,,,0.00000,0.00000,60.0,
,G23,Texas Red,,Unkn,,,17.90,17.90,0.000,,,,0.00000,60.0,
,G24,Texas Red,,Unkn,,,,0.00,0.000,,,0.00000,0.00000,60.0,
,H01,Texas Red,,Unkn,,,,0.00,0.000,,,0.00000,0.00000,60.0,
,H02,Texas Red,,Unkn,,,,0.00,0.000,,,0.00000,0.00000,60.0,
,H03,Texas Red,,Unkn,,,22.84,22.84,0.000,,,,0.00000,60.0,
,H04,Texas Red,,Unkn,,,,0.00,0.000,,,0.00000,0.00000,60.0,
,H05,Texas Red,,Unkn,,,22.93,22.93,0.000,,,,0.00000,60.0,
,H06,Texas Red,,Unkn,,,18.42,18.42,0.000,,,,0.00000,60.0,
,H07,Texas Red,,Unkn,,,25.51,25.51,0.000,,,,0.00000,60.0,
,H08,Texas Red,,Unkn,,,,0.00,0.000,,,0.00000,0.00000,60.0,
,H09,Texas Red,,Unkn,,,,0.00,0.000,,,0.00000,0.00000,60.0,
,H10,Texas Red,,Unkn,,,,0.00,0.000,,,0.00000,0.00000,60.0,
,H11,Texas Red,,Unkn,,,25.63,25.63,0.000,,,,0.00000,60.0,
,H12,Texas Red,,Unkn,,,,0.00,0.000,,,0.00000,0.00000,60.0,
,H13,Texas Red,,Unkn,,,26.98,26.98,0.000,,,,0.00000,60.0,
,H14,Texas Red,,Unkn,,,,0.00,0.000,,,0.00000,0.00000,60.0,
,H15,Texas Red,,Unkn,,,,0.00,0.000,,,0.00000,0.00000,60.0,
,H16,Texas Red,,Unkn,,,,0.00,0.000,,,0.00000,0.00000,60.0,
,H17,Texas Red,,Unkn,,,24.91,24.91,0.000,,,,0.00000,60.0,
,H18,Texas Red,,Unkn,,,19.93,19.93,0.000,,,,0.00000,60.0,
,H19,Texas Red,,Unkn,,,,0.00,0.000,,,0.00000,0.00000,60.0,
,H20,Texas Red,,Unkn,,,,0.00,0.000,,,0.00000,0.00000,60.0,
,H21,Texas Red,,Unkn,,,,0.00,0.000,,,0.00000,0.00000,60.0,
,H22,Texas Red,,Unkn,,,,0.00,0.000,,,0.00000,0.00000,60.0,
,H23,Texas Red,,Unkn,,,,0.00,0.000,,,0.00000,0.00000,60.0,
,H24,Texas Red,,Unkn,,,,0.00,0.000,,,0.00000,0.00000,60.0,
,I01,Texas Red,,Unkn,,,38.84,38.84,0.000,,,,0.00000,60.0,
,I02,Texas Red,,Unkn,,,15.93,15.93,0.000,,,,0.00000,60.0,
,I03,Texas Red,,Unkn,,,22.43,22.43,0.000,,,,0.00000,60.0,
,I04,Texas Red,,Unkn,,,27.93,27.93,0.000,,,,0.00000,60.0,
,I05,Texas Red,,Unkn,,,26.19,26.19,0.000,,,,0.00000,60.0,
,I06,Texas Red,,Unkn,,,14.95,14.95,0.000,,,,0.00000,60.0,
,I07,Texas Red,,Unkn,,,20.38,20.38,0.000,,,,0.00000,60.0,
,I08,Texas Red,,Unkn,,,,0.00,0.000,,,0.00000,0.00000,60.0,
,I09,Texas Red,,Unkn,,,25.60,25.60,0.000,,,,0.00000,60.0,
,I10,Texas Red,,Unkn,,,,0.00,0.000,,,0.00000,0.00000,60.0,
,I11,Texas Red,,Unkn,,,22.23,22.23,0.000,,,,0.00000,60.0,
,I12,Texas Red,,Unkn,,,,0.00,0.000,,,0.00000,0.00000,60.0,
,I13,Texas Red,,Unkn,,,21.42,21.42,0.000,,,,0.00000,60.0,
,I14,Texas Red,,Unkn,,,21.83,21.83,0.000,,,,0.00000,60.0,
,I15,Texas Red,,Unkn,,,16.57,16.57,0.000,,,,0.00000,60.0,
,I16,Texas Red,,Unkn,,,,0.00,0.000,,,0.00000,0.00000,60.0,
,I17,Texas Red,,Unkn,,,16.72,16.72,0.000,,,,0.00000,60.0,
,I18,Texas Red,,Unkn,,,,0.00,0.000,,,0.00000,0.00000,60.0,
,I19,Texas Red,,Unkn,,,,0.00,0.000,,,0.00000,0.00000,60.0,
,I20,Texas Red,,Unkn,,,,0.00,0.000,,,0.00000,0.00000,60.0,
,I21,Texas Red,,Unkn,,,,0.00,0.000,,,0.00000,0.00000,60.0,
,I22,Texas Red,,Unkn,,,,0.00,0.000,,,0.00000,0.00000,60.0,
,I23,Texas Red,,Unkn,,,,0.00,0.000,,,0.00000,0.00000,60.0,
,I24,Texas Red,,Unkn,,,,0.00,0.000,,,0.00000,0.00000,60.0,
,J01,Texas Red,,Unkn,,,,0.00,0.000,,,0.00000,0.00000,60.0,
,J02,Texas Red,,Unkn,,,,0.00,0.000,,,0.00000,0.00000,60.0,
,J03,Texas Red,,Unkn,,,38.78,38.78,0.000,,,,0.00000,60.0,
,J04,Texas Red,,Unkn,,,,0.00,0.000,,,0.00000,0.00000,60.0,
,J05,Texas Red,,Unkn,,,,0.00,0.000,,,0.00000,0.00000,60.0,
,J06,Texas Red,,Unkn,,,24.49,24.49,0.000,,,,0.00000,60.0,
,J07,Texas Red,,Unkn,,,12.56,12.56,0.000,,,,0.00000,60.0,
,J08,Texas Red,,Unkn,,,,0.00,0.000,,,0.00000,0.00000,60.0,
,J09,Texas Red,,Unkn,,,,0.00,0.000,,,0.00000,0.00000,60.0,
,J10,Texas Red,,Unkn,,,,0.00,0.000,,,0.00000,0.00000,60.0,
,J11,Texas Red,,Unkn,,,,0.00,0.000,,,0.00000,0.00000,60.0,
,J12,Texas Red,,Unkn,,,18.98,18.98,0.000,,,,0.00000,60.0,
,J13,Texas Red,,Unkn,,,24.40,24.40,0.000,,,,0.00000,60.0,
,J14,Texas Red,,Unkn,,,,0.00,0.000,,,0.00000,0.00000,60.0,
,J15,Texas Red,,Unkn,,,24.63,24.63,0.000,,,,0.00000,60.0,
,J16,Texas Red,,Unkn,,,,0.00,0.000,,,0.00000,0.00000,60.0,
,J17,Texas Red,,Unkn,,,,0.00,0.000,,,0.00000,0.00000,60.0,
,J18,Texas Red,,Unkn,,,,0.00,0.000,,,0.00000,0.00000,60.0,
,J19,Texas Red,,Unkn,,,17.85,17.85,0.000,,,,0.00000,60.0,
,J20,Texas Red,,Unkn,,,,0.00,0.000,,,0.00000,0.00000,60.0,
,J21,Texas Red,,Unkn,,,,0.00,0.000,,,0.00000,0.00000,60.0,
,J22,Texas Red,,Unkn,,,,0.00,0.000,,,0.00000,0.00000,60.0,
,J23,Texas Red,,Unkn,,,,0.00,0.000,,,0.00000,0.00000,60.0,
,J24,Texas Red,,Unkn,,,,0.00,0.000,,,0.00000,0.00000,60.0,
,K01,Texas Red,,Unkn,,,38.80,38.80,0.000,,,,0.00000,60.0,
,K02,Texas Red,,Unkn,,,,0.00,0.000,,,0.00000,0.00000,60.0,
,K03,Texas Red,,Unkn,,,2.06,2.06,0.000,,,,0.00000,60.0,
,K04,Texas Red,,Unkn,,,,0.00,0.000,,,0.00000,0.00000,60.0,
,K05,Texas Red,,Unkn,,,18.80,18.80,0.000,,,,0.00000,60.0,
,K06,Texas Red,,Unkn,,,18.48,18.48,0.000,,,,0.00000,60.0,
,K07,Texas Red,,Unkn,,,21.83,21.83,0.000,,,,0.00000,60.0,
,K08,Texas Red,,Unkn,,,,0.00,0.000,,,0.00000,0.00000,60.0,
,K09,Texas Red,,Unkn,,,20.87,20.87,0.000,,,,0.00000,60.0,
,K10,Texas Red,,Unkn,,,24.99,24.99,0.000,,,,0.00000,60.0,
,K11,Texas Red,,Unkn,,,27.39,27.39,0.000,,,,0.00000,60.0,
,K12,Texas Red,,Unkn,,,24.82,24.82,0.000,,,,0.00000,60.0,
,K13,Texas Red,,Unkn,,,26.18,26.18,0.000,,,,0.00000,60.0,
,K14,Texas Red,,Unkn,,,,0.00,0.000,,,0.00000,0.00000,60.0,
,K15,Texas Red,,Unkn,,,39.98,39.98,0.000,,,,0.00000,60.0,
,K16,Texas Red,,Unkn,,,18.98,18.98,0.000,,,,0.00000,60.0,
,K17,Texas Red,,Unkn,,,23.95,23.95,0.000,,,,0.00000,60.0,
,K18,Texas Red,,Unkn,,,,0.00,0.000,,,0.00000,0.00000,60.0,
,K19,Texas Red,,Unkn,,,,0.00,0.000,,,0.00000,0.00000,60.0,
,K20,Texas Red,,Unkn,,,,0.00,0.000,,,0.00000,0.00000,60.0,
,K21,Texas Red,,Unkn,,,,0.00,0.000,,,0.00000,0.00000,60.0,
,K22,Texas Red,,Unkn,,,,0.00,0.000,,,0.00000,0.00000,60.0,
,K23,Texas Red,,Unkn,,,,0.00,0.000,,,0.00000,0.00000,60.0,
,K24,Texas Red,,Unkn,,,,0.00,0.000,,,0.00000,0.00000,60.0,
,L01,Texas Red,,Unkn,,,,0.00,0.000,,,0.00000,0.00000,60.0,
,L02,Texas Red,,Unkn,,,,0.00,0.000,,,0.00000,0.00000,60.0,
,L03,Texas Red,,Unkn,,,38.69,38.69,0.000,,,,0.00000,60.0,
,L04,Texas Red,,Unkn,,,13.89,13.89,0.000,,,,0.00000,60.0,
,L05,Texas Red,,Unkn,,,38.81,38.81,0.000,,,,0.00000,60.0,
,L06,Texas Red,,Unkn,,,25.98,25.98,0.000,,,,0.00000,60.0,
,L07,Texas Red,,Unkn,,,25.69,25.69,0.000,,,,0.00000,60.0,
,L08,Texas Red,,Unkn,,,,0.00,0.000,,,0.00000,0.00000,60.0,
,L09,Texas Red,,Unkn,,,39.62,39.62,0.000,,,,0.00000,60.0,
,L10,Texas Red,,Unkn,,,,0.00,0.000,,,0.00000,0.00000,60.0,
,L11,Texas Red,,Unkn,,,3.91,3.91,0.000,,,,0.00000,60.0,
,L12,Texas Red,,Unkn,,,,0.00,0.000,,,0.00000,0.00000,60.0,
,L13,Texas Red,,Unkn,,,25.56,25.56,0.000,,,,0.00000,60.0,
,L14,Texas Red,,Unkn,,,,0.00,0.000,,,0.00000,0.00000,60.0,
,L15,Texas Red,,Unkn,,,,0.00,0.000,,,0.00000,0.00000,60.0,
,L16,Texas Red,,Unkn,,,,0.00,0.000,,,0.00000,0.00000,60.0,
,L17,Texas Red,,Unkn,,,39.65,39.65,0.000,,,,0.00000,60.0,
,L18,Texas Red,,Unkn,,,,0.00,0.000,,,0.00000,0.00000,60.0,
,L19,Texas Red,,Unkn,,,27.90,27.90,0.000,,,,0.00000,60.0,
,L20,Texas Red,,Unkn,,,,0.00,0.000,,,0.00000,0.00000,60.0,
,L21,Texas Red,,Unkn,,,,0.00,0.000,,,0.00000,0.00000,60.0,
,L22,Texas Red,,Unkn,,,,0.00,0.000,,,0.00000,0.00000,60.0,
,L23,Texas Red,,Unkn,,,,0.00,0.000,,,0.00000,0.00000,60.0,
,L24,Texas Red,,Unkn,,,,0.00,0.000,,,0.00000,0.00000,60.0,
,M01,Texas Red,,Unkn,,,18.94,18.94,0.000,,,,0.00000,60.0,
,M02,Texas Red,,Unkn,,,,0.00,0.000,,,0.00000,0.00000,60.0,
,M03,Texas Red,,Unkn,,,24.91,24.91,0.000,,,,0.00000,60.0,
,M04,Texas Red,,Unkn,,,12.34,12.34,0.000,,,,0.00000,60.0,
,M05,Texas Red,,Unkn,,,29.91,29.91,0.000,,,,0.00000,60.0,
,M06,Texas Red,,Unkn,,,29.96,29.96,0.000,,,,0.00000,60.0,
,M07,Texas Red,,Unkn,,,,0.00,0.000,,,0.00000,0.00000,60.0,
,M08,Texas Red,,Unkn,,,11.64,11.64,0.000,,,,0.00000,60.0,
,M09,Texas Red,,Unkn,,,,0.00,0.000,,,0.00000,0.00000,60.0,
,M10,Texas Red,,Unkn,,,22.69,22.69,0.000,,,,0.00000,60.0,
,M11,Texas Red,,Unkn,,,,0.00,0.000,,,0.00000,0.00000,60.0,
,M12,Texas Red,,Unkn,,,,0.00,0.000,,,0.00000,0.00000,60.0,
,M13,Texas Red,,Unkn,,,,0.00,0.000,,,0.00000,0.00000,60.0,
,M14,Texas Red,,Unkn,,,22.87,22.87,0.000,,,,0.00000,60.0,
,M15,Texas Red,,Unkn,,,,0.00,0.000,,,0.00000,0.00000,60.0,
,M16,Texas Red,,Unkn,,,,0.00,0.000,,,0.00000,0.00000,60.0,
,M17,Texas Red,,Unkn,,,11.82,11.82,0.000,,,,0.00000,60.0,
,M18,Texas Red,,Unkn,,,26.96,26.96,0.000,,,,0.00000,60.0,
,M19,Texas Red,,Unkn,,,,0.00,0.000,,,0.00000,0.00000,60.0,
,M20,Texas Red,,Unkn,,,22.81,22.81,0.000,,,,0.00000,60.0,
,M21,Texas Red,,Unkn,,,,0.00,0.000,,,0.00000,0.00000,60.0,
,M22,Texas Red,,Unkn,,,,0.00,0.000,,,0.00000,0.00000,60.0,
,M23,Texas Red,,Unkn,,,,0.00,0.000,,,0.00000,0.00000,60.0,
,M24,Texas Red,,Unkn,,,,0.00,0.000,,,0.00000,0.00000,60.0,
,N01,Texas Red,,Unkn,,,,0.00,0.000,,,0.00000,0.00000,60.0,
,N02,Texas Red,,Unkn,,,,0.00,0.000,,,0.00000,0.00000,60.0,
,N03,Texas Red,,Unkn,,,,0.00,0.000,,,0.00000,0.00000,60.0,
,N04,Texas Red,,Unkn,,,,0.00,0.000,,,0.00000,0.00000,60.0,
,N05,Texas Red,,Unkn,,,,0.00,0.000,,,0.00000,0.00000,60.0,
,N06,Texas Red,,Unkn,,,,0.00,0.000,,,0.00000,0.00000,60.0,
,N07,Texas Red,,Unkn,,,,0.00,0.000,,,0.00000,0.00000,60.0,
,N08,Texas Red,,Unkn,,,,0.00,0.000,,,0.00000,0.00000,60.0,
,N09,Texas Red,,Unkn,,,,0.00,0.000,,,0.00000,0.00000,60.0,
,N10,Texas Red,,Unkn,,,22.93,22.93,0.000,,,,0.00000,60.0,
,N11,Texas Red,,Unkn,,,,0.00,0.000,,,0.00000,0.00000,60.0,
,N12,Texas Red,,Unkn,,,,0.00,0.000,,,0.00000,0.00000,60.0,
,N13,Texas Red,,Unkn,,,27.91,27.91,0.000,,,,0.00000,60.0,
,N14,Texas Red,,Unkn,,,,0.00,0.000,,,0.00000,0.00000,60.0,
,N15,Texas Red,,Unkn,,,,0.00,0.000,,,0.00000,0.00000,60.0,
,N16,Texas Red,,Unkn,,,,0.00,0.000,,,0.00000,0.00000,60.0,
,N17,Texas Red,,Unkn,,,,0.00,0.000,,,0.00000,0.00000,60.0,
,N18,Texas Red,,Unkn,,,,0.00,0.000,,,0.00000,0.00000,60.0,
,N19,Texas Red,,Unkn,,,,0.00,0.000,,,0.00000,0.00000,60.0,
,N20,Texas Red,,Unkn,,,,0.00,0.000,,,0.00000,0.00000,60.0,
,N21,Texas Red,,Unkn,,,,0.00,0.000,,,0.00000,0.00000,60.0,
,N22,Texas Red,,Unkn,,,,0.00,0.000,,,0.00000,0.00000,60.0,
,N23,Texas Red,,Unkn,,,,0.00,0.000,,,0.00000,0.00000,60.0,
,N24,Texas Red,,Unkn,,,,0.00,0.000,,,0.00000,0.00000,60.0,
,O01,Texas Red,,Unkn,,,,0.00,0.000,,,0.00000,0.00000,60.0,
,O02,Texas Red,,Unkn,,,,0.00,0.000,,,0.00000,0.00000,60.0,
,O03,Texas Red,,Unkn,,,,0.00,0.000,,,0.00000,0.00000,60.0,
,O04,Texas Red,,Unkn,,,,0.00,0.000,,,0.00000,0.00000,60.0,
,O05,Texas Red,,Unkn,,,,0.00,0.000,,,0.00000,0.00000,60.0,
,O06,Texas Red,,Unkn,,,,0.00,0.000,,,0.00000,0.00000,60.0,
,O07,Texas Red,,Unkn,,,,0.00,0.000,,,0.00000,0.00000,60.0,
,O08,Texas Red,,Unkn,,,,0.00,0.000,,,0.00000,0.00000,60.0,
,O09,Texas Red,,Unkn,,,,0.00,0.000,,,0.00000,0.00000,60.0,
,O10,Texas Red,,Unkn,,,13.85,13.85,0.000,,,,0.00000,60.0,
,O11,Texas Red,,Unkn,,,,0.00,0.000,,,0.00000,0.00000,60.0,
,O12,Texas Red,,Unkn,,,,0.00,0.000,,,0.00000,0.00000,60.0,
,O13,Texas Red,,Unkn,,,,0.00,0.000,,,0.00000,0.00000,60.0,
,O14,Texas Red,,Unkn,,,,0.00,0.000,,,0.00000,0.00000,60.0,
,O15,Texas Red,,Unkn,,,,0.00,0.000,,,0.00000,0.00000,60.0,
,O16,Texas Red,,Unkn,,,,0.00,0.000,,,0.00000,0.00000,60.0,
,O17,Texas Red,,Unkn,,,,0.00,0.000,,,0.00000,0.00000,60.0,
,O18,Texas Red,,Unkn,,,17.93,17.93,0.000,,,,0.00000,60.0,
,O19,Texas Red,,Unkn,,,,0.00,0.000,,,0.00000,0.00000,60.0,
,O20,Texas Red,,Unkn,,,,0.00,0.000,,,0.00000,0.00000,60.0,
,O21,Texas Red,,Unkn,,,18.99,18.99,0.000,,,,0.00000,60.0,
,O22,Texas Red,,Unkn,,,19.55,19.55,0.000,,,,0.00000,60.0,
,O23,Texas Red,,Unkn,,,,0.00,0.000,,,0.00000,0.00000,60.0,
,O24,Texas Red,,Unkn,,,,0.00,0.000,,,0.00000,0.00000,60.0,
,P01,Texas Red,,Unkn,,,,0.00,0.000,,,0.00000,0.00000,60.0,
,P02,Texas Red,,Unkn,,,,0.00,0.000,,,0.00000,0.00000,60.0,
,P03,Texas Red,,Unkn,,,,0.00,0.000,,,0.00000,0.00000,60.0,
,P04,Texas Red,,Unkn,,,,0.00,0.000,,,0.00000,0.00000,60.0,
,P05,Texas Red,,Unkn,,,,0.00,0.000,,,0.00000,0.00000,60.0,
,P06,Texas Red,,Unkn,,,,0.00,0.000,,,0.00000,0.00000,60.0,
,P07,Texas Red,,Unkn,,,,0.00,0.000,,,0.00000,0.00000,60.0,
,P08,Texas Red,,Unkn,,,,0.00,0.000,,,0.00000,0.00000,60.0,
,P09,Texas Red,,Unkn,,,,0.00,0.000,,,0.00000,0.00000,60.0,
,P10,Texas Red,,Unkn,,,,0.00,0.000,,,0.00000,0.00000,60.0,
,P11,Texas Red,,Unkn,,,,0.00,0.000,,,0.00000,0.00000,60.0,
,P12,Texas Red,,Unkn,,,,0.00,0.000,,,0.00000,0.00000,60.0,
,P13,Texas Red,,Unkn,,,,0.00,0.000,,,0.00000,0.00000,60.0,
,P14,Texas Red,,Unkn,,,,0.00,0.000,,,0.00000,0.00000,60.0,
,P15,Texas Red,,Unkn,,,,0.00,0.000,,,0.00000,0.00000,60.0,
,P16,Texas Red,,Unkn,,,,0.00,0.000,,,0.00000,0.00000,60.0,
,P17,Texas Red,,Unkn,,,,0.00,0.000,,,0.00000,0.00000,60.0,
,P18,Texas Red,,Unkn,,,24.98,24.98,0.000,,,,0.00000,60.0,
,P19,Texas Red,,Unkn,,,,0.00,0.000,,,0.00000,0.00000,60.0,
,P20,Texas Red,,Unkn,,,,0.00,0.000,,,0.00000,0.00000,60.0,
,P21,Texas Red,,Unkn,,,,0.00,0.000,,,0.00000,0.00000,60.0,
,P22,Texas Red,,Unkn,,,,0.00,0.000,,,0.00000,0.00000,60.0,
,P23,Texas Red,,Unkn,,,,0.00,0.000,,,0.00000,0.00000,60.0,
,P24,Texas Red,,Unkn,,,,0.00,0.000,,,0.00000,0.00000,60.0,
